company_code,company_name,check_type,snapshot_time,pdf_page,股权结构口径,上一时点股本/持股数(万股),上一时点出资额(万元注册资本),本次认缴/变化(万股),预期变更后股本/持股数(万股),PDF披露变更后股本/持股数(万股),差额(万股),status,notes
001282,三联锻造,公司记录完整性核对,,,,,,1,15,,,pass,认缴流量1条；股权结构15条；是否有t0：是
301563,云汉芯城,公司记录完整性核对,,,,,,30,96,,,pass,认缴流量30条；股权结构96条；是否有t0：是
301581,黄山谷捷,公司记录完整性核对,,,,,,6,24,,,pass,认缴流量6条；股权结构24条；是否有t0：是
603418,友升股份,公司记录完整性核对,,,,,,13,34,,,pass,认缴流量13条；股权结构34条；是否有t0：是
688758,赛分科技,公司记录完整性核对,,,,,,20,100,,,pass,认缴流量20条；股权结构100条；是否有t0：是
688775,影石创新,公司记录完整性核对,,,,,,15,54,,,pass,认缴流量15条；股权结构54条；是否有t0：是
920100,三协电机,公司记录完整性核对,,,,,,3,19,,,pass,认缴流量3条；股权结构19条；是否有t0：是
920116,星图测控,公司记录完整性核对,,,,,,3,10,,,pass,认缴流量3条；股权结构10条；是否有t0：是
001282,三联锻造,同一时点总出资额核对,t0_2004-06设立,31.0,三联有限设立时出资结构,,,,500.0,500.0,0.0,pass,股东出资额合计与披露总出资额基本一致
001282,三联锻造,同一时点总股本核对,2019-12增资完成后,38.0,本次增资完成后公司股本结构,,,,8498.0,8498.0,0.0,pass,股东持股数合计与披露总股本基本一致
001282,三联锻造,同一时点总股本核对,发行前,53.0,本次发行前股本结构,,,,8498.0,8498.0,0.0,pass,股东持股数合计与披露总股本基本一致
301563,云汉芯城,同一时点总出资额核对,t0_2008-05设立,56.0,云汉有限设立时出资比例,,,,50.0,50.0,0.0,pass,股东出资额合计与披露总出资额基本一致
301563,云汉芯城,同一时点总股本核对,2018-04股权转让后,58.0,股份公司第一次股权转让后股权结构,,,,4000.0,4000.0,0.0,pass,股东持股数合计与披露总股本基本一致
301563,云汉芯城,同一时点总股本核对,2018-07增资/转让完成后,60.0,2018年增资及股权转让完成后股权结构,,,,4635.0,4635.0,0.0,pass,股东持股数合计与披露总股本基本一致
301563,云汉芯城,同一时点总股本核对,2020-05增资后,62.0,2020年5月第二次增资后股权结构,,,,4748.0488,4748.0488,0.0,pass,股东持股数合计与披露总股本基本一致
301563,云汉芯城,同一时点总股本核对,2020-09增资/转让后,64.0,2020年9月第三次增资和第四次股权转让后股权结构,,,,4883.7074,4883.7074,0.0,pass,股东持股数合计与披露总股本基本一致
301581,黄山谷捷,同一时点总出资额核对,t0_2012-06设立,39.0,谷捷有限设立时股权结构,,,,1000.0,1000.0,0.0,pass,股东出资额合计与披露总出资额基本一致
301581,黄山谷捷,同一时点总出资额核对,2021-04第一次股权转让后,42.0,谷捷有限股权转让后股权结构,,,,1000.0,1000.0,0.0,pass,股东出资额合计与披露总出资额基本一致
301581,黄山谷捷,同一时点总出资额核对,2021-04吸收合并后,44.0,谷捷有限吸收合并后股权结构,,,,1200.0,1200.0,0.0,pass,股东出资额合计与披露总出资额基本一致
301581,黄山谷捷,同一时点总出资额核对,2021-11第一次增资完成后,45.0,第一次增资完成后股权结构,,,,1714.2857,1714.2857,0.0,pass,股东出资额合计与披露总出资额基本一致
301581,黄山谷捷,同一时点总出资额核对,2022-05第二次增资完成后,46.0,第二次增资完成后谷捷有限股权结构,,,,1804.5113,1804.5113,0.0,pass,股东出资额合计与披露总出资额基本一致
301581,黄山谷捷,同一时点总股本核对,2022-09股份公司整体变更后,40.0,黄山谷捷整体变更后股权结构,,,,6000.0,6000.0,0.0,pass,股东持股数合计与披露总股本基本一致
603418,友升股份,同一时点总出资额核对,t0_1992-12设立,42.0,友升有限设立时股东及出资情况,,,,400.0,400.0,0.0,pass,股东出资额合计与披露总出资额基本一致
603418,友升股份,同一时点总出资额核对,报告期初,43.0,报告期初友升有限股权结构,,,,10950.2788,10950.2788,0.0,pass,股东出资额合计与披露总出资额基本一致
603418,友升股份,同一时点总股本核对,2020-09股份公司整体变更后,43.0,整体变更设立时股权结构,,,,12000.0,12000.0,0.0,pass,股东持股数合计与披露总股本基本一致
603418,友升股份,同一时点总股本核对,2020-09增资后,44.0,2020年9月增资后股权结构,,,,13380.0,13380.0,0.0,pass,股东持股数合计与披露总股本基本一致
603418,友升股份,同一时点总股本核对,2022-12增资后/发行前,45.0,2022年12月增资后股权结构,,,,14480.1333,14480.1333,0.0,pass,股东持股数合计与披露总股本基本一致
688758,赛分科技,同一时点总出资额核对,t0_报告期初,54.0,报告期初赛分有限股权结构,,,,2408.0,2408.0,0.0,pass,股东出资额合计与披露总出资额基本一致
688758,赛分科技,同一时点总出资额核对,2021-04第一次转让及增资完成后,56.0,第一次增资和股权转让完成后股权结构,,,,2750.6769,2750.6769,0.0,pass,股东出资额合计与披露总出资额基本一致
688758,赛分科技,同一时点总股本核对,2021-11第二次增资完成后,59.0,第二次增资完成后股权结构,,,,3175.067,3175.067,0.0,pass,股东持股数合计与披露总股本基本一致
688758,赛分科技,同一时点总股本核对,签署日/发行前,65.0,截至招股说明书签署日股东及持股情况,,,,36648.8394,36648.8394,0.0,pass,股东持股数合计与披露总股本基本一致
688775,影石创新,同一时点总出资额核对,t0_深圳岚锋设立,63.0,深圳岚锋设立时出资情况,,,,1000.0,1000.0,0.0,pass,股东出资额合计与披露总出资额基本一致
688775,影石创新,同一时点总股本核对,2020-02股份公司设立时,63.0,影石创新设立时股本结构,,,,36000.0,36000.0,0.0,pass,股东持股数合计与披露总股本基本一致
688775,影石创新,同一时点总股本核对,2023-03股权转让后/发行前,66.0,2023年3月股权转让后出资情况,,,,36000.0,36000.0,0.0,pass,股东持股数合计与披露总股本基本一致
920100,三协电机,同一时点总股本核对,t0_可识别最早完整股权结构_发行前,35.0,本次发行前股本结构,,,,5310.93,5310.93,0.0,pass,股东持股数合计与披露总股本基本一致
920116,星图测控,同一时点总出资额核对,t0_2016-12设立,48.0,星图测控有限设立时股权结构,,,,2000.0,2000.0,0.0,pass,股东出资额合计与披露总出资额基本一致
920116,星图测控,同一时点总股本核对,发行前,47.0,本次发行前股权结构,,,,8250.0,8250.0,0.0,pass,股东持股数合计与披露总股本基本一致
001282,三联锻造,认缴流量数值与认购方核对,2019-12-04,36.0,认购方：三联合伙,,,348.0,,,,pass,认缴流量存在数量/金额/价格数值信号；认购方出现在股权结构表中
301563,云汉芯城,认缴流量数值与认购方核对,2018-04-28,58.0,认购方：天健创投（受让自丰利财富）,,,66.668,,,,pass,认缴流量存在数量/金额/价格数值信号；认购方未在当前股权结构表中直接匹配，可能是名称差异或尚未抽取对应时点
301563,云汉芯城,认缴流量数值与认购方核对,2018-06-12,59.0,认购方：国科瑞华,,,254.4787,,,,pass,认缴流量存在数量/金额/价格数值信号；认购方出现在股权结构表中
301563,云汉芯城,认缴流量数值与认购方核对,2018-06-12,59.0,认购方：CASREV FUND,,,61.8,,,,pass,认缴流量存在数量/金额/价格数值信号；认购方出现在股权结构表中
301563,云汉芯城,认缴流量数值与认购方核对,2018-06-12,59.0,认购方：中科贵银,,,54.384,,,,pass,认缴流量存在数量/金额/价格数值信号；认购方出现在股权结构表中
301563,云汉芯城,认缴流量数值与认购方核对,2018-06-12,59.0,认购方：夏东,,,7.004,,,,pass,认缴流量存在数量/金额/价格数值信号；认购方出现在股权结构表中
301563,云汉芯城,认缴流量数值与认购方核对,2018-06-12,59.0,认购方：南山富海,,,103.0,,,,pass,认缴流量存在数量/金额/价格数值信号；认购方出现在股权结构表中
301563,云汉芯城,认缴流量数值与认购方核对,2018-06-12,59.0,认购方：珠海拓域,,,34.3333,,,,pass,认缴流量存在数量/金额/价格数值信号；认购方出现在股权结构表中
301563,云汉芯城,认缴流量数值与认购方核对,2018-06-12/2018-06-28,60.0,认购方：李文发,,,20.0,,,,pass,认缴流量存在数量/金额/价格数值信号；认购方出现在股权结构表中
301563,云汉芯城,认缴流量数值与认购方核对,2018-06-12/2018-06-28,60.0,认购方：秦国君,,,20.0,,,,pass,认缴流量存在数量/金额/价格数值信号；认购方出现在股权结构表中
301563,云汉芯城,认缴流量数值与认购方核对,2018-06-12/2018-06-28,60.0,认购方：李剑峰,,,20.0,,,,pass,认缴流量存在数量/金额/价格数值信号；认购方出现在股权结构表中
301563,云汉芯城,认缴流量数值与认购方核对,2018-06-12/2018-06-28,60.0,认购方：周雪峰,,,60.0,,,,pass,认缴流量存在数量/金额/价格数值信号；认购方出现在股权结构表中
301563,云汉芯城,认缴流量数值与认购方核对,2018-06-12,59.0,认购方：富海节能（受让自曾烨）,,,51.5,,,,pass,认缴流量存在数量/金额/价格数值信号；认购方未在当前股权结构表中直接匹配，可能是名称差异或尚未抽取对应时点
301563,云汉芯城,认缴流量数值与认购方核对,2018-06-12,59.0,认购方：临港投资（受让自曾烨）,,,18.025,,,,pass,认缴流量存在数量/金额/价格数值信号；认购方未在当前股权结构表中直接匹配，可能是名称差异或尚未抽取对应时点
301563,云汉芯城,认缴流量数值与认购方核对,2018-06-12,59.0,认购方：临港投资（受让自刘云锋）,,,9.4417,,,,pass,认缴流量存在数量/金额/价格数值信号；认购方未在当前股权结构表中直接匹配，可能是名称差异或尚未抽取对应时点
301563,云汉芯城,认缴流量数值与认购方核对,2018-06-12,59.0,认购方：鸿迪投资（受让自刘云锋）,,,36.9083,,,,pass,认缴流量存在数量/金额/价格数值信号；认购方未在当前股权结构表中直接匹配，可能是名称差异或尚未抽取对应时点
301563,云汉芯城,认缴流量数值与认购方核对,2019-08-13,61.0,认购方：李文发（受让自为赛咨询）,,,40.0,,,,pass,认缴流量存在数量/金额/价格数值信号；认购方未在当前股权结构表中直接匹配，可能是名称差异或尚未抽取对应时点
301563,云汉芯城,认缴流量数值与认购方核对,2019-08-13,61.0,认购方：秦国君（受让自为赛咨询）,,,40.0,,,,pass,认缴流量存在数量/金额/价格数值信号；认购方未在当前股权结构表中直接匹配，可能是名称差异或尚未抽取对应时点
301563,云汉芯城,认缴流量数值与认购方核对,2020-05-20,62.0,认购方：火炬电子,,,113.0488,,,,pass,认缴流量存在数量/金额/价格数值信号；认购方出现在股权结构表中
301563,云汉芯城,认缴流量数值与认购方核对,2020-09-15,63.0,认购方：厦门西堤,,,96.899,,,,pass,认缴流量存在数量/金额/价格数值信号；认购方出现在股权结构表中
301563,云汉芯城,认缴流量数值与认购方核对,2020-09-15,63.0,认购方：中小企业基金,,,38.7596,,,,pass,认缴流量存在数量/金额/价格数值信号；认购方出现在股权结构表中
301563,云汉芯城,认缴流量数值与认购方核对,2020-09-23,64.0,认购方：鸿迪投资（受让自曾烨）,,,48.0,,,,pass,认缴流量存在数量/金额/价格数值信号；认购方未在当前股权结构表中直接匹配，可能是名称差异或尚未抽取对应时点
301563,云汉芯城,认缴流量数值与认购方核对,2020-09-23,64.0,认购方：郦韩英（受让自曾烨）,,,48.4495,,,,pass,认缴流量存在数量/金额/价格数值信号；认购方未在当前股权结构表中直接匹配，可能是名称差异或尚未抽取对应时点
301563,云汉芯城,认缴流量数值与认购方核对,2020-09-23,64.0,认购方：福建开京（受让自刘云锋）,,,11.628,,,,pass,认缴流量存在数量/金额/价格数值信号；认购方未在当前股权结构表中直接匹配，可能是名称差异或尚未抽取对应时点
301563,云汉芯城,认缴流量数值与认购方核对,2020-09-23,64.0,认购方：沈笑彦（受让自刘云锋）,,,8.5,,,,pass,认缴流量存在数量/金额/价格数值信号；认购方未在当前股权结构表中直接匹配，可能是名称差异或尚未抽取对应时点
301563,云汉芯城,认缴流量数值与认购方核对,2020-09-23,64.0,认购方：衣嘉平（受让自刘云锋）,,,8.5,,,,pass,认缴流量存在数量/金额/价格数值信号；认购方未在当前股权结构表中直接匹配，可能是名称差异或尚未抽取对应时点
301563,云汉芯城,认缴流量数值与认购方核对,2020-09-23,64.0,认购方：余满芬（受让自刘云锋）,,,8.5,,,,pass,认缴流量存在数量/金额/价格数值信号；认购方未在当前股权结构表中直接匹配，可能是名称差异或尚未抽取对应时点
301563,云汉芯城,认缴流量数值与认购方核对,2020-09-23,64.0,认购方：崔振南（受让自刘云锋）,,,3.876,,,,pass,认缴流量存在数量/金额/价格数值信号；认购方未在当前股权结构表中直接匹配，可能是名称差异或尚未抽取对应时点
301563,云汉芯城,认缴流量数值与认购方核对,2020-09-23,64.0,认购方：湘裕君源（受让自刘云锋）,,,8.5,,,,pass,认缴流量存在数量/金额/价格数值信号；认购方未在当前股权结构表中直接匹配，可能是名称差异或尚未抽取对应时点
301563,云汉芯城,认缴流量数值与认购方核对,2020-09-23,64.0,认购方：湘裕君源（受让自李文发）,,,5.0,,,,pass,认缴流量存在数量/金额/价格数值信号；认购方未在当前股权结构表中直接匹配，可能是名称差异或尚未抽取对应时点
301563,云汉芯城,认缴流量数值与认购方核对,2020-09-23,64.0,认购方：湘裕君源（受让自秦国君）,,,15.0,,,,pass,认缴流量存在数量/金额/价格数值信号；认购方未在当前股权结构表中直接匹配，可能是名称差异或尚未抽取对应时点
301581,黄山谷捷,认缴流量数值与认购方核对,2021-04-03,42.0,认购方：黄山供销集团（受让自昆山谷捷）,,,780.0,,,,pass,认缴流量存在数量/金额/价格数值信号；认购方未在当前股权结构表中直接匹配，可能是名称差异或尚未抽取对应时点
301581,黄山谷捷,认缴流量数值与认购方核对,2021-04-03,42.0,认购方：张俊武（受让自昆山谷捷）,,,110.0,,,,pass,认缴流量存在数量/金额/价格数值信号；认购方未在当前股权结构表中直接匹配，可能是名称差异或尚未抽取对应时点
301581,黄山谷捷,认缴流量数值与认购方核对,2021-04-03,42.0,认购方：周斌（受让自昆山谷捷）,,,110.0,,,,pass,认缴流量存在数量/金额/价格数值信号；认购方未在当前股权结构表中直接匹配，可能是名称差异或尚未抽取对应时点
301581,黄山谷捷,认缴流量数值与认购方核对,2021-09-18,44.0,认购方：赛格高技术,,,462.8571,,,,pass,认缴流量存在数量/金额/价格数值信号；认购方出现在股权结构表中
301581,黄山谷捷,认缴流量数值与认购方核对,2021-09-18,44.0,认购方：上汽科技,,,51.4286,,,,pass,认缴流量存在数量/金额/价格数值信号；认购方出现在股权结构表中
301581,黄山谷捷,认缴流量数值与认购方核对,2022-05-24,60.0,认购方：黄山佳捷,,,90.2256,,,,pass,认缴流量存在数量/金额/价格数值信号；认购方出现在股权结构表中
603418,友升股份,认缴流量数值与认购方核对,2020-09-27,44.0,认购方：金浦临港基金,,,840.0,,,,pass,认缴流量存在数量/金额/价格数值信号；认购方出现在股权结构表中
603418,友升股份,认缴流量数值与认购方核对,2020-09-27,44.0,认购方：金浦科创基金,,,360.0,,,,pass,认缴流量存在数量/金额/价格数值信号；认购方出现在股权结构表中
603418,友升股份,认缴流量数值与认购方核对,2020-09-27,44.0,认购方：上海骁墨,,,180.0,,,,pass,认缴流量存在数量/金额/价格数值信号；认购方出现在股权结构表中
603418,友升股份,认缴流量数值与认购方核对,2022-12-19,45.0,认购方：杉晖创业,,,297.3333,,,,pass,认缴流量存在数量/金额/价格数值信号；认购方出现在股权结构表中
603418,友升股份,认缴流量数值与认购方核对,2022-12-19,45.0,认购方：上海联炻,,,297.3333,,,,pass,认缴流量存在数量/金额/价格数值信号；认购方出现在股权结构表中
603418,友升股份,认缴流量数值与认购方核对,2022-12-19,45.0,认购方：安吉璞颉,,,148.6667,,,,pass,认缴流量存在数量/金额/价格数值信号；认购方出现在股权结构表中
603418,友升股份,认缴流量数值与认购方核对,2022-12-19,45.0,认购方：财投晨源,,,89.2,,,,pass,认缴流量存在数量/金额/价格数值信号；认购方出现在股权结构表中
603418,友升股份,认缴流量数值与认购方核对,2022-12-19,45.0,认购方：深圳达晨创程,,,86.5984,,,,pass,认缴流量存在数量/金额/价格数值信号；认购方出现在股权结构表中
603418,友升股份,认缴流量数值与认购方核对,2022-12-19,45.0,认购方：杉创智至,,,59.4667,,,,pass,认缴流量存在数量/金额/价格数值信号；认购方出现在股权结构表中
603418,友升股份,认缴流量数值与认购方核对,2022-12-19,45.0,认购方：杭州达晨创程,,,51.959,,,,pass,认缴流量存在数量/金额/价格数值信号；认购方出现在股权结构表中
603418,友升股份,认缴流量数值与认购方核对,2022-12-19,45.0,认购方：达晨财汇,,,29.7333,,,,pass,认缴流量存在数量/金额/价格数值信号；认购方出现在股权结构表中
603418,友升股份,认缴流量数值与认购方核对,2022-12-19,45.0,认购方：达晨财智,,,29.7333,,,,pass,认缴流量存在数量/金额/价格数值信号；认购方出现在股权结构表中
603418,友升股份,认缴流量数值与认购方核对,2022-12-19,45.0,认购方：财智创赢,,,10.1093,,,,pass,认缴流量存在数量/金额/价格数值信号；认购方出现在股权结构表中
688758,赛分科技,认缴流量数值与认购方核对,2021-02/2021-03,55.0,认购方：复星惟盈（受让自黄学英）,,,37.319,,,,pass,认缴流量存在数量/金额/价格数值信号；认购方未在当前股权结构表中直接匹配，可能是名称差异或尚未抽取对应时点
688758,赛分科技,认缴流量数值与认购方核对,2021-02/2021-03,55.0,认购方：朱勤华（受让自黄学英）,,,19.4081,,,,pass,认缴流量存在数量/金额/价格数值信号；认购方未在当前股权结构表中直接匹配，可能是名称差异或尚未抽取对应时点
688758,赛分科技,认缴流量数值与认购方核对,2021-02/2021-03,55.0,认购方：唐斌（受让自黄学英）,,,0.8872,,,,pass,认缴流量存在数量/金额/价格数值信号；认购方未在当前股权结构表中直接匹配，可能是名称差异或尚未抽取对应时点
688758,赛分科技,认缴流量数值与认购方核对,2021-02/2021-03,55.0,认购方：张敏（受让自黄学英）,,,0.61,,,,pass,认缴流量存在数量/金额/价格数值信号；认购方未在当前股权结构表中直接匹配，可能是名称差异或尚未抽取对应时点
688758,赛分科技,认缴流量数值与认购方核对,2021-02-25,56.0,认购方：国寿疌泉,,,250.0615,,,,pass,认缴流量存在数量/金额/价格数值信号；认购方出现在股权结构表中
688758,赛分科技,认缴流量数值与认购方核对,2021-02-25,56.0,认购方：复星惟盈,,,89.0431,,,,pass,认缴流量存在数量/金额/价格数值信号；认购方出现在股权结构表中
688758,赛分科技,认缴流量数值与认购方核对,2021-02-25,56.0,认购方：唐斌,,,2.1169,,,,pass,认缴流量存在数量/金额/价格数值信号；认购方出现在股权结构表中
688758,赛分科技,认缴流量数值与认购方核对,2021-02-25,56.0,认购方：张敏,,,1.4554,,,,pass,认缴流量存在数量/金额/价格数值信号；认购方出现在股权结构表中
688758,赛分科技,认缴流量数值与认购方核对,2021-07-10,57.0,认购方：高新同华（受让自黄学英）,,,22.0,,,,pass,认缴流量存在数量/金额/价格数值信号；认购方未在当前股权结构表中直接匹配，可能是名称差异或尚未抽取对应时点
688758,赛分科技,认缴流量数值与认购方核对,2021-10-28/2021-11,59.0,认购方：源峰磐赛,,,157.1815,,,,pass,认缴流量存在数量/金额/价格数值信号；认购方出现在股权结构表中
688758,赛分科技,认缴流量数值与认购方核对,2021-10-28/2021-11,59.0,认购方：珠海峦恒,,,62.8726,,,,pass,认缴流量存在数量/金额/价格数值信号；认购方出现在股权结构表中
688758,赛分科技,认缴流量数值与认购方核对,2021-10-28/2021-11,59.0,认购方：高瓴祈睿,,,62.8726,,,,pass,认缴流量存在数量/金额/价格数值信号；认购方出现在股权结构表中
688758,赛分科技,认缴流量数值与认购方核对,2021-10-28/2021-11,59.0,认购方：国药中生,,,46.1846,,,,pass,认缴流量存在数量/金额/价格数值信号；认购方出现在股权结构表中
688758,赛分科技,认缴流量数值与认购方核对,2021-10-28/2021-11,59.0,认购方：圣成投资,,,0.9699,,,,pass,认缴流量存在数量/金额/价格数值信号；认购方出现在股权结构表中
688758,赛分科技,认缴流量数值与认购方核对,2021-10-28/2021-11,59.0,认购方：国药二期,,,15.5625,,,,pass,认缴流量存在数量/金额/价格数值信号；认购方出现在股权结构表中
688758,赛分科技,认缴流量数值与认购方核对,2021-10-28/2021-11,59.0,认购方：圣祁投资,,,0.1556,,,,pass,认缴流量存在数量/金额/价格数值信号；认购方出现在股权结构表中
688758,赛分科技,认缴流量数值与认购方核对,2021-10-28/2021-11,59.0,认购方：夏尔巴二期,,,39.2954,,,,pass,认缴流量存在数量/金额/价格数值信号；认购方出现在股权结构表中
688758,赛分科技,认缴流量数值与认购方核对,2021-10-28/2021-11,59.0,认购方：甘李药业,,,23.5772,,,,pass,认缴流量存在数量/金额/价格数值信号；认购方出现在股权结构表中
688758,赛分科技,认缴流量数值与认购方核对,2021-10-28/2021-11,59.0,认购方：吴征涛,,,15.7182,,,,pass,认缴流量存在数量/金额/价格数值信号；认购方出现在股权结构表中
688758,赛分科技,认缴流量数值与认购方核对,2021-11-22/2021-12,60.0,认购方：聚贝投资,,,11.7886,,,,pass,认缴流量存在数量/金额/价格数值信号；认购方出现在股权结构表中
688775,影石创新,认缴流量数值与认购方核对,2023-03-24,66.0,认购方：汇智同裕（受让自德朴投资）,,,287.0651,,,,pass,认缴流量存在数量/金额/价格数值信号；认购方未在当前股权结构表中直接匹配，可能是名称差异或尚未抽取对应时点
688775,影石创新,认缴流量数值与认购方核对,2019-10-31/2019-11-21,106.0,认购方：领誉基石（受让自岚烽管理）,,,162.0179,,,,pass,认缴流量存在数量/金额/价格数值信号；认购方未在当前股权结构表中直接匹配，可能是名称差异或尚未抽取对应时点
688775,影石创新,认缴流量数值与认购方核对,2019-10-31/2019-11-21,106.0,认购方：知盛投资（受让自岚烽管理）,,,17.1799,,,,pass,认缴流量存在数量/金额/价格数值信号；认购方未在当前股权结构表中直接匹配，可能是名称差异或尚未抽取对应时点
688775,影石创新,认缴流量数值与认购方核对,2019-10-31/2019-11-21,106.0,认购方：利得鑫投（受让自CYZone）,,,15.92,,,,pass,认缴流量存在数量/金额/价格数值信号；认购方未在当前股权结构表中直接匹配，可能是名称差异或尚未抽取对应时点
688775,影石创新,认缴流量数值与认购方核对,2019-10-31/2019-11-21,106.0,认购方：山东龙兴（SS）（受让自CYZone）,,,18.986,,,,pass,认缴流量存在数量/金额/价格数值信号；认购方未在当前股权结构表中直接匹配，可能是名称差异或尚未抽取对应时点
688775,影石创新,认缴流量数值与认购方核对,2019-10-31/2019-11-21,106.0,认购方：利得鑫投（受让自QM101）,,,32.6743,,,,pass,认缴流量存在数量/金额/价格数值信号；认购方未在当前股权结构表中直接匹配，可能是名称差异或尚未抽取对应时点
688775,影石创新,认缴流量数值与认购方核对,2019-10-31/2019-11-21,106.0,认购方：德朴投资（受让自QM101）,,,67.4295,,,,pass,认缴流量存在数量/金额/价格数值信号；认购方未在当前股权结构表中直接匹配，可能是名称差异或尚未抽取对应时点
688775,影石创新,认缴流量数值与认购方核对,2019-10-31/2019-11-21,106.0,认购方：华金创盈（受让自QM101）,,,42.5193,,,,pass,认缴流量存在数量/金额/价格数值信号；认购方未在当前股权结构表中直接匹配，可能是名称差异或尚未抽取对应时点
688775,影石创新,认缴流量数值与认购方核对,2019-10-31/2019-11-21,106.0,认购方：朗玛十四号（受让自QM101）,,,60.7422,,,,pass,认缴流量存在数量/金额/价格数值信号；认购方未在当前股权结构表中直接匹配，可能是名称差异或尚未抽取对应时点
688775,影石创新,认缴流量数值与认购方核对,2019-10-31/2019-11-21,106.0,认购方：威明投资（受让自QM101）,,,24.2963,,,,pass,认缴流量存在数量/金额/价格数值信号；认购方未在当前股权结构表中直接匹配，可能是名称差异或尚未抽取对应时点
688775,影石创新,认缴流量数值与认购方核对,2019-10-31/2019-11-21,107.0,认购方：中证投资（受让自苏宁润东）,,,75.9321,,,,pass,认缴流量存在数量/金额/价格数值信号；认购方未在当前股权结构表中直接匹配，可能是名称差异或尚未抽取对应时点
688775,影石创新,认缴流量数值与认购方核对,2019-10-31/2019-11-21,107.0,认购方：金石智娱（受让自苏宁润东）,,,75.9286,,,,pass,认缴流量存在数量/金额/价格数值信号；认购方未在当前股权结构表中直接匹配，可能是名称差异或尚未抽取对应时点
688775,影石创新,认缴流量数值与认购方核对,2019-10-31/2019-11-21,107.0,认购方：伊敦传媒（受让自苏宁润东）,,,103.2629,,,,pass,认缴流量存在数量/金额/价格数值信号；认购方未在当前股权结构表中直接匹配，可能是名称差异或尚未抽取对应时点
688775,影石创新,认缴流量数值与认购方核对,2019-10-31/2019-11-21,107.0,认购方：天正投资（受让自苏宁润东）,,,60.7428,,,,pass,认缴流量存在数量/金额/价格数值信号；认购方未在当前股权结构表中直接匹配，可能是名称差异或尚未抽取对应时点
688775,影石创新,认缴流量数值与认购方核对,2019-10-31/2019-11-21,107.0,认购方：德朴投资（受让自苏宁润东）,,,10.069,,,,pass,认缴流量存在数量/金额/价格数值信号；认购方未在当前股权结构表中直接匹配，可能是名称差异或尚未抽取对应时点
920100,三协电机,认缴流量数值与认购方核对,2022-08/2022-09,250.0,认购方：稳正景明、长泽创投,,,530.0,,,,pass,认缴流量存在数量/金额/价格数值信号；认购方未在当前股权结构表中直接匹配，可能是名称差异或尚未抽取对应时点
920100,三协电机,认缴流量数值与认购方核对,2023-08-28/2023-09,250.0,认购方：盛祎等15名认购人,,,318.5,,,,pass,认缴流量存在数量/金额/价格数值信号；认购方未在当前股权结构表中直接匹配，可能是名称差异或尚未抽取对应时点
920100,三协电机,认缴流量数值与认购方核对,2023-12-04,250.0,认购方：全体股东（资本公积转增）,,,1462.43,,,,pass,认缴流量存在数量/金额/价格数值信号；认购方未在当前股权结构表中直接匹配，可能是名称差异或尚未抽取对应时点
920116,星图测控,认缴流量数值与认购方核对,2023-05,35.0,认购方：策星银河,,,279.0,,,,pass,认缴流量存在数量/金额/价格数值信号；认购方出现在股权结构表中
920116,星图测控,认缴流量数值与认购方核对,2023-05,35.0,认购方：策星逐日,,,171.0,,,,pass,认缴流量存在数量/金额/价格数值信号；认购方出现在股权结构表中
920116,星图测控,认缴流量数值与认购方核对,2023-05,35.0,认购方：幸福二期,,,300.0,,,,pass,认缴流量存在数量/金额/价格数值信号；认购方出现在股权结构表中
