company_code,company_name,source_pdf,pdf_page,record_type,jsonl_line_no,object_name,snapshot_or_date,evidence_text
001282,三联锻造,001282_三联锻造_IPO招股说明书.pdf,31,equity_snapshot,2,孙国奉,t0_2004-06设立,三联有限设立时出资结构如下：孙国奉175.00万元35.00%；孙国敏162.50万元32.50%；张松满162.50万元32.50%；合计500.00万元100.00%。
001282,三联锻造,001282_三联锻造_IPO招股说明书.pdf,31,equity_snapshot,3,孙国敏,t0_2004-06设立,三联有限设立时出资结构如下：孙国奉175.00万元35.00%；孙国敏162.50万元32.50%；张松满162.50万元32.50%；合计500.00万元100.00%。
001282,三联锻造,001282_三联锻造_IPO招股说明书.pdf,31,equity_snapshot,4,张松满,t0_2004-06设立,三联有限设立时出资结构如下：孙国奉175.00万元35.00%；孙国敏162.50万元32.50%；张松满162.50万元32.50%；合计500.00万元100.00%。
001282,三联锻造,001282_三联锻造_IPO招股说明书.pdf,36,subscription_flow,1,三联合伙,2019-12-04,"2019年12月4日，公司审议通过增资扩股，注册资本由8,150万元增加至8,498万元。新增注册资本由新股东三联合伙以每股4.50元的价格认购，其中348万元计入注册资本，剩余1,218万元计入资本公积。"
001282,三联锻造,001282_三联锻造_IPO招股说明书.pdf,38,equity_snapshot,5,孙国奉,2019-12增资完成后,"本次增资完成后，公司股本结构如下：孙国奉2,287.00万股26.91%；张一衡2,275.00万股26.77%；孙国敏2,275.00万股26.77%；高新同华1,150.00万股13.53%；三联合伙348.00万股4.10%；孙仁豪1..."
001282,三联锻造,001282_三联锻造_IPO招股说明书.pdf,38,equity_snapshot,6,张一衡,2019-12增资完成后,"本次增资完成后，公司股本结构如下：孙国奉2,287.00万股26.91%；张一衡2,275.00万股26.77%；孙国敏2,275.00万股26.77%；高新同华1,150.00万股13.53%；三联合伙348.00万股4.10%；孙仁豪1..."
001282,三联锻造,001282_三联锻造_IPO招股说明书.pdf,38,equity_snapshot,7,孙国敏,2019-12增资完成后,"本次增资完成后，公司股本结构如下：孙国奉2,287.00万股26.91%；张一衡2,275.00万股26.77%；孙国敏2,275.00万股26.77%；高新同华1,150.00万股13.53%；三联合伙348.00万股4.10%；孙仁豪1..."
001282,三联锻造,001282_三联锻造_IPO招股说明书.pdf,38,equity_snapshot,8,高新同华,2019-12增资完成后,"本次增资完成后，公司股本结构如下：孙国奉2,287.00万股26.91%；张一衡2,275.00万股26.77%；孙国敏2,275.00万股26.77%；高新同华1,150.00万股13.53%；三联合伙348.00万股4.10%；孙仁豪1..."
001282,三联锻造,001282_三联锻造_IPO招股说明书.pdf,38,equity_snapshot,9,三联合伙,2019-12增资完成后,"本次增资完成后，公司股本结构如下：孙国奉2,287.00万股26.91%；张一衡2,275.00万股26.77%；孙国敏2,275.00万股26.77%；高新同华1,150.00万股13.53%；三联合伙348.00万股4.10%；孙仁豪1..."
001282,三联锻造,001282_三联锻造_IPO招股说明书.pdf,38,equity_snapshot,10,孙仁豪,2019-12增资完成后,"本次增资完成后，公司股本结构如下：孙国奉2,287.00万股26.91%；张一衡2,275.00万股26.77%；孙国敏2,275.00万股26.77%；高新同华1,150.00万股13.53%；三联合伙348.00万股4.10%；孙仁豪1..."
001282,三联锻造,001282_三联锻造_IPO招股说明书.pdf,53,equity_snapshot,11,孙国奉,发行前,"本公司发行前总股本8,498万股，本次发行前股东持股情况：孙国奉2,287.00万股26.91%；张一衡2,275.00万股26.77%；孙国敏2,275.00万股26.77%；高新同华1,150.00万股13.53%；三联合伙348.00..."
001282,三联锻造,001282_三联锻造_IPO招股说明书.pdf,53,equity_snapshot,12,张一衡,发行前,"本公司发行前总股本8,498万股，本次发行前股东持股情况：孙国奉2,287.00万股26.91%；张一衡2,275.00万股26.77%；孙国敏2,275.00万股26.77%；高新同华1,150.00万股13.53%；三联合伙348.00..."
001282,三联锻造,001282_三联锻造_IPO招股说明书.pdf,53,equity_snapshot,13,孙国敏,发行前,"本公司发行前总股本8,498万股，本次发行前股东持股情况：孙国奉2,287.00万股26.91%；张一衡2,275.00万股26.77%；孙国敏2,275.00万股26.77%；高新同华1,150.00万股13.53%；三联合伙348.00..."
001282,三联锻造,001282_三联锻造_IPO招股说明书.pdf,53,equity_snapshot,14,高新同华,发行前,"本公司发行前总股本8,498万股，本次发行前股东持股情况：孙国奉2,287.00万股26.91%；张一衡2,275.00万股26.77%；孙国敏2,275.00万股26.77%；高新同华1,150.00万股13.53%；三联合伙348.00..."
001282,三联锻造,001282_三联锻造_IPO招股说明书.pdf,53,equity_snapshot,15,三联合伙,发行前,"本公司发行前总股本8,498万股，本次发行前股东持股情况：孙国奉2,287.00万股26.91%；张一衡2,275.00万股26.77%；孙国敏2,275.00万股26.77%；高新同华1,150.00万股13.53%；三联合伙348.00..."
001282,三联锻造,001282_三联锻造_IPO招股说明书.pdf,53,equity_snapshot,16,孙仁豪,发行前,"本公司发行前总股本8,498万股，本次发行前股东持股情况：孙国奉2,287.00万股26.91%；张一衡2,275.00万股26.77%；孙国敏2,275.00万股26.77%；高新同华1,150.00万股13.53%；三联合伙348.00..."
301563,云汉芯城,301563_云汉芯城_IPO招股说明书.pdf,56,equity_snapshot,31,深圳市云汉电子有限公司,t0_2008-05设立,有限公司设立时出资比例如下：深圳市云汉电子有限公司25.00万元50.00%；刘云锋25.00万元50.00%；合计50.00万元100.00%。
301563,云汉芯城,301563_云汉芯城_IPO招股说明书.pdf,56,equity_snapshot,32,刘云锋,t0_2008-05设立,有限公司设立时出资比例如下：深圳市云汉电子有限公司25.00万元50.00%；刘云锋25.00万元50.00%；合计50.00万元100.00%。
301563,云汉芯城,301563_云汉芯城_IPO招股说明书.pdf,58,subscription_flow,1,天健创投（受让自丰利财富）,2018-04-28,"2018年4月28日，丰利财富与天健创投签署股份转让协议，丰利财富将其持有的云汉芯城全部666,680股股份（占总股本1.67%）转让给天健创投，转让价格按丰利财富2015年入股时投资总额1,000万元确定。"
301563,云汉芯城,301563_云汉芯城_IPO招股说明书.pdf,58,equity_snapshot,33,曾烨,2018-04股权转让后,"本次股权转让后，公司股权结构如下，合计40,000,000股，100.00%。"
301563,云汉芯城,301563_云汉芯城_IPO招股说明书.pdf,58,equity_snapshot,34,刘云锋,2018-04股权转让后,"本次股权转让后，公司股权结构如下，合计40,000,000股，100.00%。"
301563,云汉芯城,301563_云汉芯城_IPO招股说明书.pdf,58,equity_snapshot,35,力源信息,2018-04股权转让后,"本次股权转让后，公司股权结构如下，合计40,000,000股，100.00%。"
301563,云汉芯城,301563_云汉芯城_IPO招股说明书.pdf,58,equity_snapshot,36,芜湖富海,2018-04股权转让后,"本次股权转让后，公司股权结构如下，合计40,000,000股，100.00%。"
301563,云汉芯城,301563_云汉芯城_IPO招股说明书.pdf,58,equity_snapshot,37,东方富海,2018-04股权转让后,"本次股权转让后，公司股权结构如下，合计40,000,000股，100.00%。"
301563,云汉芯城,301563_云汉芯城_IPO招股说明书.pdf,58,equity_snapshot,38,为赛咨询,2018-04股权转让后,"本次股权转让后，公司股权结构如下，合计40,000,000股，100.00%。"
301563,云汉芯城,301563_云汉芯城_IPO招股说明书.pdf,58,equity_snapshot,39,深创投,2018-04股权转让后,"本次股权转让后，公司股权结构如下，合计40,000,000股，100.00%。"
301563,云汉芯城,301563_云汉芯城_IPO招股说明书.pdf,58,equity_snapshot,40,天健创投,2018-04股权转让后,"本次股权转让后，公司股权结构如下，合计40,000,000股，100.00%。"
301563,云汉芯城,301563_云汉芯城_IPO招股说明书.pdf,58,equity_snapshot,41,镇江红土,2018-04股权转让后,"本次股权转让后，公司股权结构如下，合计40,000,000股，100.00%。"
301563,云汉芯城,301563_云汉芯城_IPO招股说明书.pdf,58,equity_snapshot,42,昆山红土,2018-04股权转让后,"本次股权转让后，公司股权结构如下，合计40,000,000股，100.00%。"
301563,云汉芯城,301563_云汉芯城_IPO招股说明书.pdf,58,equity_snapshot,43,富海深湾,2018-04股权转让后,"本次股权转让后，公司股权结构如下，合计40,000,000股，100.00%。"
301563,云汉芯城,301563_云汉芯城_IPO招股说明书.pdf,59,subscription_flow,2,国科瑞华,2018-06-12,"2018年6月12日，发行人与相关方签署增资与股权转让协议：国科瑞华以现金7,412万元认缴新增注册资本254.4787万元；CASREV FUND以现金1,800万元认缴新增注册资本61.8万元；中科贵银以现金1,584万元认缴新增注册资..."
301563,云汉芯城,301563_云汉芯城_IPO招股说明书.pdf,59,subscription_flow,3,CASREV FUND,2018-06-12,"2018年6月12日，发行人与相关方签署增资与股权转让协议：国科瑞华以现金7,412万元认缴新增注册资本254.4787万元；CASREV FUND以现金1,800万元认缴新增注册资本61.8万元；中科贵银以现金1,584万元认缴新增注册资..."
301563,云汉芯城,301563_云汉芯城_IPO招股说明书.pdf,59,subscription_flow,4,中科贵银,2018-06-12,"2018年6月12日，发行人与相关方签署增资与股权转让协议：国科瑞华以现金7,412万元认缴新增注册资本254.4787万元；CASREV FUND以现金1,800万元认缴新增注册资本61.8万元；中科贵银以现金1,584万元认缴新增注册资..."
301563,云汉芯城,301563_云汉芯城_IPO招股说明书.pdf,59,subscription_flow,5,夏东,2018-06-12,"2018年6月12日，发行人与相关方签署增资与股权转让协议：国科瑞华以现金7,412万元认缴新增注册资本254.4787万元；CASREV FUND以现金1,800万元认缴新增注册资本61.8万元；中科贵银以现金1,584万元认缴新增注册资..."
301563,云汉芯城,301563_云汉芯城_IPO招股说明书.pdf,59,subscription_flow,6,南山富海,2018-06-12,"2018年6月12日，发行人与相关方签署增资与股权转让协议：国科瑞华以现金7,412万元认缴新增注册资本254.4787万元；CASREV FUND以现金1,800万元认缴新增注册资本61.8万元；中科贵银以现金1,584万元认缴新增注册资..."
301563,云汉芯城,301563_云汉芯城_IPO招股说明书.pdf,59,subscription_flow,7,珠海拓域,2018-06-12,"2018年6月12日，发行人与相关方签署增资与股权转让协议：国科瑞华以现金7,412万元认缴新增注册资本254.4787万元；CASREV FUND以现金1,800万元认缴新增注册资本61.8万元；中科贵银以现金1,584万元认缴新增注册资..."
301563,云汉芯城,301563_云汉芯城_IPO招股说明书.pdf,59,subscription_flow,12,富海节能（受让自曾烨）,2018-06-12,"协议约定曾烨将其持有的发行人51.5万股股份转让予富海节能，转让价格1,500万元；曾烨将18.025万股转让予临港投资，转让价格524.9994万元；刘云锋将9.4417万股转让予临港投资，转让价格275.006万元；刘云锋将36.908..."
301563,云汉芯城,301563_云汉芯城_IPO招股说明书.pdf,59,subscription_flow,13,临港投资（受让自曾烨）,2018-06-12,"协议约定曾烨将其持有的发行人51.5万股股份转让予富海节能，转让价格1,500万元；曾烨将18.025万股转让予临港投资，转让价格524.9994万元；刘云锋将9.4417万股转让予临港投资，转让价格275.006万元；刘云锋将36.908..."
301563,云汉芯城,301563_云汉芯城_IPO招股说明书.pdf,59,subscription_flow,14,临港投资（受让自刘云锋）,2018-06-12,"协议约定曾烨将其持有的发行人51.5万股股份转让予富海节能，转让价格1,500万元；曾烨将18.025万股转让予临港投资，转让价格524.9994万元；刘云锋将9.4417万股转让予临港投资，转让价格275.006万元；刘云锋将36.908..."
301563,云汉芯城,301563_云汉芯城_IPO招股说明书.pdf,59,subscription_flow,15,鸿迪投资（受让自刘云锋）,2018-06-12,"协议约定曾烨将其持有的发行人51.5万股股份转让予富海节能，转让价格1,500万元；曾烨将18.025万股转让予临港投资，转让价格524.9994万元；刘云锋将9.4417万股转让予临港投资，转让价格275.006万元；刘云锋将36.908..."
301563,云汉芯城,301563_云汉芯城_IPO招股说明书.pdf,60,subscription_flow,8,李文发,2018-06-12/2018-06-28,发行人同意对公司管理团队进行股权激励，由激励对象李文发、秦国君、李剑峰、周雪峰认缴发行人新增注册资本共计120万元，每股价格1元。其中李文发20万元、秦国君20万元、李剑峰20万元、周雪峰60万元。
301563,云汉芯城,301563_云汉芯城_IPO招股说明书.pdf,60,subscription_flow,9,秦国君,2018-06-12/2018-06-28,发行人同意对公司管理团队进行股权激励，由激励对象李文发、秦国君、李剑峰、周雪峰认缴发行人新增注册资本共计120万元，每股价格1元。其中李文发20万元、秦国君20万元、李剑峰20万元、周雪峰60万元。
301563,云汉芯城,301563_云汉芯城_IPO招股说明书.pdf,60,subscription_flow,10,李剑峰,2018-06-12/2018-06-28,发行人同意对公司管理团队进行股权激励，由激励对象李文发、秦国君、李剑峰、周雪峰认缴发行人新增注册资本共计120万元，每股价格1元。其中李文发20万元、秦国君20万元、李剑峰20万元、周雪峰60万元。
301563,云汉芯城,301563_云汉芯城_IPO招股说明书.pdf,60,subscription_flow,11,周雪峰,2018-06-12/2018-06-28,发行人同意对公司管理团队进行股权激励，由激励对象李文发、秦国君、李剑峰、周雪峰认缴发行人新增注册资本共计120万元，每股价格1元。其中李文发20万元、秦国君20万元、李剑峰20万元、周雪峰60万元。
301563,云汉芯城,301563_云汉芯城_IPO招股说明书.pdf,60,equity_snapshot,44,曾烨,2018-07增资/转让完成后,"本次变更完成后，公司的股权结构如下，合计46,350,000股，100.00%。"
301563,云汉芯城,301563_云汉芯城_IPO招股说明书.pdf,60,equity_snapshot,45,刘云锋,2018-07增资/转让完成后,"本次变更完成后，公司的股权结构如下，合计46,350,000股，100.00%。"
301563,云汉芯城,301563_云汉芯城_IPO招股说明书.pdf,60,equity_snapshot,46,力源信息,2018-07增资/转让完成后,"本次变更完成后，公司的股权结构如下，合计46,350,000股，100.00%。"
301563,云汉芯城,301563_云汉芯城_IPO招股说明书.pdf,60,equity_snapshot,47,芜湖富海,2018-07增资/转让完成后,"本次变更完成后，公司的股权结构如下，合计46,350,000股，100.00%。"
301563,云汉芯城,301563_云汉芯城_IPO招股说明书.pdf,60,equity_snapshot,48,国科瑞华,2018-07增资/转让完成后,"本次变更完成后，公司的股权结构如下，合计46,350,000股，100.00%。"
301563,云汉芯城,301563_云汉芯城_IPO招股说明书.pdf,60,equity_snapshot,49,东方富海,2018-07增资/转让完成后,"本次变更完成后，公司的股权结构如下，合计46,350,000股，100.00%。"
301563,云汉芯城,301563_云汉芯城_IPO招股说明书.pdf,60,equity_snapshot,50,为赛咨询,2018-07增资/转让完成后,"本次变更完成后，公司的股权结构如下，合计46,350,000股，100.00%。"
301563,云汉芯城,301563_云汉芯城_IPO招股说明书.pdf,60,equity_snapshot,51,南山富海,2018-07增资/转让完成后,"本次变更完成后，公司的股权结构如下，合计46,350,000股，100.00%。"
301563,云汉芯城,301563_云汉芯城_IPO招股说明书.pdf,60,equity_snapshot,52,深创投,2018-07增资/转让完成后,"本次变更完成后，公司的股权结构如下，合计46,350,000股，100.00%。"
301563,云汉芯城,301563_云汉芯城_IPO招股说明书.pdf,60,equity_snapshot,53,天健创投,2018-07增资/转让完成后,"本次变更完成后，公司的股权结构如下，合计46,350,000股，100.00%。"
301563,云汉芯城,301563_云汉芯城_IPO招股说明书.pdf,60,equity_snapshot,54,CASREV FUND,2018-07增资/转让完成后,"本次变更完成后，公司的股权结构如下，合计46,350,000股，100.00%。"
301563,云汉芯城,301563_云汉芯城_IPO招股说明书.pdf,60,equity_snapshot,55,周雪峰,2018-07增资/转让完成后,"本次变更完成后，公司的股权结构如下，合计46,350,000股，100.00%。"
301563,云汉芯城,301563_云汉芯城_IPO招股说明书.pdf,60,equity_snapshot,56,中科贵银,2018-07增资/转让完成后,"本次变更完成后，公司的股权结构如下，合计46,350,000股，100.00%。"
301563,云汉芯城,301563_云汉芯城_IPO招股说明书.pdf,60,equity_snapshot,57,富海节能,2018-07增资/转让完成后,"本次变更完成后，公司的股权结构如下，合计46,350,000股，100.00%。"
301563,云汉芯城,301563_云汉芯城_IPO招股说明书.pdf,60,equity_snapshot,58,鸿迪投资,2018-07增资/转让完成后,"本次变更完成后，公司的股权结构如下，合计46,350,000股，100.00%。"
301563,云汉芯城,301563_云汉芯城_IPO招股说明书.pdf,60,equity_snapshot,59,珠海拓域,2018-07增资/转让完成后,"本次变更完成后，公司的股权结构如下，合计46,350,000股，100.00%。"
301563,云汉芯城,301563_云汉芯城_IPO招股说明书.pdf,60,equity_snapshot,60,富海深湾,2018-07增资/转让完成后,"本次变更完成后，公司的股权结构如下，合计46,350,000股，100.00%。"
301563,云汉芯城,301563_云汉芯城_IPO招股说明书.pdf,60,equity_snapshot,61,镇江红土,2018-07增资/转让完成后,"本次变更完成后，公司的股权结构如下，合计46,350,000股，100.00%。"
301563,云汉芯城,301563_云汉芯城_IPO招股说明书.pdf,60,equity_snapshot,62,昆山红土,2018-07增资/转让完成后,"本次变更完成后，公司的股权结构如下，合计46,350,000股，100.00%。"
301563,云汉芯城,301563_云汉芯城_IPO招股说明书.pdf,60,equity_snapshot,63,临港投资,2018-07增资/转让完成后,"本次变更完成后，公司的股权结构如下，合计46,350,000股，100.00%。"
301563,云汉芯城,301563_云汉芯城_IPO招股说明书.pdf,60,equity_snapshot,64,李文发,2018-07增资/转让完成后,"本次变更完成后，公司的股权结构如下，合计46,350,000股，100.00%。"
301563,云汉芯城,301563_云汉芯城_IPO招股说明书.pdf,60,equity_snapshot,65,李剑峰,2018-07增资/转让完成后,"本次变更完成后，公司的股权结构如下，合计46,350,000股，100.00%。"
301563,云汉芯城,301563_云汉芯城_IPO招股说明书.pdf,60,equity_snapshot,66,秦国君,2018-07增资/转让完成后,"本次变更完成后，公司的股权结构如下，合计46,350,000股，100.00%。"
301563,云汉芯城,301563_云汉芯城_IPO招股说明书.pdf,60,equity_snapshot,67,夏东,2018-07增资/转让完成后,"本次变更完成后，公司的股权结构如下，合计46,350,000股，100.00%。"
301563,云汉芯城,301563_云汉芯城_IPO招股说明书.pdf,61,subscription_flow,16,李文发（受让自为赛咨询）,2019-08-13,2019年8月13日，为赛咨询与李文发、秦国君分别签署股份转让协议。李文发以40万元价格受让为赛咨询持有的发行人股份40万股，秦国君以40万元价格受让为赛咨询持有的发行人股份40万股。
301563,云汉芯城,301563_云汉芯城_IPO招股说明书.pdf,61,subscription_flow,17,秦国君（受让自为赛咨询）,2019-08-13,2019年8月13日，为赛咨询与李文发、秦国君分别签署股份转让协议。李文发以40万元价格受让为赛咨询持有的发行人股份40万股，秦国君以40万元价格受让为赛咨询持有的发行人股份40万股。
301563,云汉芯城,301563_云汉芯城_IPO招股说明书.pdf,62,subscription_flow,18,火炬电子,2020-05-20,"火炬电子以现金5,000万元认购新增股份113.0488万股。此次增资每股价格约为44.23元，对应发行人整体投后估值约为21亿元。"
301563,云汉芯城,301563_云汉芯城_IPO招股说明书.pdf,62,equity_snapshot,68,曾烨,2020-05增资后,"本次增资后，发行人的股权结构如下，合计47,480,488股，100.00%。"
301563,云汉芯城,301563_云汉芯城_IPO招股说明书.pdf,62,equity_snapshot,69,刘云锋,2020-05增资后,"本次增资后，发行人的股权结构如下，合计47,480,488股，100.00%。"
301563,云汉芯城,301563_云汉芯城_IPO招股说明书.pdf,62,equity_snapshot,70,力源信息,2020-05增资后,"本次增资后，发行人的股权结构如下，合计47,480,488股，100.00%。"
301563,云汉芯城,301563_云汉芯城_IPO招股说明书.pdf,62,equity_snapshot,71,芜湖富海,2020-05增资后,"本次增资后，发行人的股权结构如下，合计47,480,488股，100.00%。"
301563,云汉芯城,301563_云汉芯城_IPO招股说明书.pdf,62,equity_snapshot,72,国科瑞华,2020-05增资后,"本次增资后，发行人的股权结构如下，合计47,480,488股，100.00%。"
301563,云汉芯城,301563_云汉芯城_IPO招股说明书.pdf,62,equity_snapshot,73,东方富海,2020-05增资后,"本次增资后，发行人的股权结构如下，合计47,480,488股，100.00%。"
301563,云汉芯城,301563_云汉芯城_IPO招股说明书.pdf,62,equity_snapshot,74,火炬电子,2020-05增资后,"本次增资后，发行人的股权结构如下，合计47,480,488股，100.00%。"
301563,云汉芯城,301563_云汉芯城_IPO招股说明书.pdf,62,equity_snapshot,75,为赛咨询,2020-05增资后,"本次增资后，发行人的股权结构如下，合计47,480,488股，100.00%。"
301563,云汉芯城,301563_云汉芯城_IPO招股说明书.pdf,62,equity_snapshot,76,南山富海,2020-05增资后,"本次增资后，发行人的股权结构如下，合计47,480,488股，100.00%。"
301563,云汉芯城,301563_云汉芯城_IPO招股说明书.pdf,62,equity_snapshot,77,深创投,2020-05增资后,"本次增资后，发行人的股权结构如下，合计47,480,488股，100.00%。"
301563,云汉芯城,301563_云汉芯城_IPO招股说明书.pdf,62,equity_snapshot,78,天健创投,2020-05增资后,"本次增资后，发行人的股权结构如下，合计47,480,488股，100.00%。"
301563,云汉芯城,301563_云汉芯城_IPO招股说明书.pdf,62,equity_snapshot,79,CASREV FUND,2020-05增资后,"本次增资后，发行人的股权结构如下，合计47,480,488股，100.00%。"
301563,云汉芯城,301563_云汉芯城_IPO招股说明书.pdf,62,equity_snapshot,80,周雪峰,2020-05增资后,"本次增资后，发行人的股权结构如下，合计47,480,488股，100.00%。"
301563,云汉芯城,301563_云汉芯城_IPO招股说明书.pdf,62,equity_snapshot,81,李文发,2020-05增资后,"本次增资后，发行人的股权结构如下，合计47,480,488股，100.00%。"
301563,云汉芯城,301563_云汉芯城_IPO招股说明书.pdf,62,equity_snapshot,82,秦国君,2020-05增资后,"本次增资后，发行人的股权结构如下，合计47,480,488股，100.00%。"
301563,云汉芯城,301563_云汉芯城_IPO招股说明书.pdf,62,equity_snapshot,83,中科贵银,2020-05增资后,"本次增资后，发行人的股权结构如下，合计47,480,488股，100.00%。"
301563,云汉芯城,301563_云汉芯城_IPO招股说明书.pdf,62,equity_snapshot,84,富海节能,2020-05增资后,"本次增资后，发行人的股权结构如下，合计47,480,488股，100.00%。"
301563,云汉芯城,301563_云汉芯城_IPO招股说明书.pdf,62,equity_snapshot,85,鸿迪投资,2020-05增资后,"本次增资后，发行人的股权结构如下，合计47,480,488股，100.00%。"
301563,云汉芯城,301563_云汉芯城_IPO招股说明书.pdf,62,equity_snapshot,86,珠海拓域,2020-05增资后,"本次增资后，发行人的股权结构如下，合计47,480,488股，100.00%。"
301563,云汉芯城,301563_云汉芯城_IPO招股说明书.pdf,62,equity_snapshot,87,镇江红土,2020-05增资后,"本次增资后，发行人的股权结构如下，合计47,480,488股，100.00%。"
301563,云汉芯城,301563_云汉芯城_IPO招股说明书.pdf,62,equity_snapshot,88,昆山红土,2020-05增资后,"本次增资后，发行人的股权结构如下，合计47,480,488股，100.00%。"
301563,云汉芯城,301563_云汉芯城_IPO招股说明书.pdf,62,equity_snapshot,89,富海深湾,2020-05增资后,"本次增资后，发行人的股权结构如下，合计47,480,488股，100.00%。"
301563,云汉芯城,301563_云汉芯城_IPO招股说明书.pdf,62,equity_snapshot,90,临港投资,2020-05增资后,"本次增资后，发行人的股权结构如下，合计47,480,488股，100.00%。"
301563,云汉芯城,301563_云汉芯城_IPO招股说明书.pdf,62,equity_snapshot,91,李剑峰,2020-05增资后,"本次增资后，发行人的股权结构如下，合计47,480,488股，100.00%。"
301563,云汉芯城,301563_云汉芯城_IPO招股说明书.pdf,62,equity_snapshot,92,夏东,2020-05增资后,"本次增资后，发行人的股权结构如下，合计47,480,488股，100.00%。"
301563,云汉芯城,301563_云汉芯城_IPO招股说明书.pdf,63,subscription_flow,19,厦门西堤,2020-09-15,"2020年9月15日，发行人同意注册资本由4,748.0488万元增至4,883.7074万元。其中，厦门西堤以5,000.00万元认购新增股份96.899万股，中小企业基金以2,000.00万元认购新增股份38.7596万股；此次增资及股..."
301563,云汉芯城,301563_云汉芯城_IPO招股说明书.pdf,63,subscription_flow,20,中小企业基金,2020-09-15,"2020年9月15日，发行人同意注册资本由4,748.0488万元增至4,883.7074万元。其中，厦门西堤以5,000.00万元认购新增股份96.899万股，中小企业基金以2,000.00万元认购新增股份38.7596万股；此次增资及股..."
301563,云汉芯城,301563_云汉芯城_IPO招股说明书.pdf,64,subscription_flow,21,鸿迪投资（受让自曾烨）,2020-09-23,"2020年9月，公司股东曾烨、刘云锋、秦国君、李文发与郦韩英、沈笑彦、衣嘉平、余满芬、崔振南、鸿迪投资、福建开京、湘裕君源等签署股份转让协议，转让股份合计1,659,535股；表格列示各受让方转让股数及转让价格。此次增资及股权转让的每股价格..."
301563,云汉芯城,301563_云汉芯城_IPO招股说明书.pdf,64,subscription_flow,22,郦韩英（受让自曾烨）,2020-09-23,"2020年9月，公司股东曾烨、刘云锋、秦国君、李文发与郦韩英、沈笑彦、衣嘉平、余满芬、崔振南、鸿迪投资、福建开京、湘裕君源等签署股份转让协议，转让股份合计1,659,535股；表格列示各受让方转让股数及转让价格。此次增资及股权转让的每股价格..."
301563,云汉芯城,301563_云汉芯城_IPO招股说明书.pdf,64,subscription_flow,23,福建开京（受让自刘云锋）,2020-09-23,"2020年9月，公司股东曾烨、刘云锋、秦国君、李文发与郦韩英、沈笑彦、衣嘉平、余满芬、崔振南、鸿迪投资、福建开京、湘裕君源等签署股份转让协议，转让股份合计1,659,535股；表格列示各受让方转让股数及转让价格。此次增资及股权转让的每股价格..."
301563,云汉芯城,301563_云汉芯城_IPO招股说明书.pdf,64,subscription_flow,24,沈笑彦（受让自刘云锋）,2020-09-23,"2020年9月，公司股东曾烨、刘云锋、秦国君、李文发与郦韩英、沈笑彦、衣嘉平、余满芬、崔振南、鸿迪投资、福建开京、湘裕君源等签署股份转让协议，转让股份合计1,659,535股；表格列示各受让方转让股数及转让价格。此次增资及股权转让的每股价格..."
301563,云汉芯城,301563_云汉芯城_IPO招股说明书.pdf,64,subscription_flow,25,衣嘉平（受让自刘云锋）,2020-09-23,"2020年9月，公司股东曾烨、刘云锋、秦国君、李文发与郦韩英、沈笑彦、衣嘉平、余满芬、崔振南、鸿迪投资、福建开京、湘裕君源等签署股份转让协议，转让股份合计1,659,535股；表格列示各受让方转让股数及转让价格。此次增资及股权转让的每股价格..."
301563,云汉芯城,301563_云汉芯城_IPO招股说明书.pdf,64,subscription_flow,26,余满芬（受让自刘云锋）,2020-09-23,"2020年9月，公司股东曾烨、刘云锋、秦国君、李文发与郦韩英、沈笑彦、衣嘉平、余满芬、崔振南、鸿迪投资、福建开京、湘裕君源等签署股份转让协议，转让股份合计1,659,535股；表格列示各受让方转让股数及转让价格。此次增资及股权转让的每股价格..."
301563,云汉芯城,301563_云汉芯城_IPO招股说明书.pdf,64,subscription_flow,27,崔振南（受让自刘云锋）,2020-09-23,"2020年9月，公司股东曾烨、刘云锋、秦国君、李文发与郦韩英、沈笑彦、衣嘉平、余满芬、崔振南、鸿迪投资、福建开京、湘裕君源等签署股份转让协议，转让股份合计1,659,535股；表格列示各受让方转让股数及转让价格。此次增资及股权转让的每股价格..."
301563,云汉芯城,301563_云汉芯城_IPO招股说明书.pdf,64,subscription_flow,28,湘裕君源（受让自刘云锋）,2020-09-23,"2020年9月，公司股东曾烨、刘云锋、秦国君、李文发与郦韩英、沈笑彦、衣嘉平、余满芬、崔振南、鸿迪投资、福建开京、湘裕君源等签署股份转让协议，转让股份合计1,659,535股；表格列示各受让方转让股数及转让价格。此次增资及股权转让的每股价格..."
301563,云汉芯城,301563_云汉芯城_IPO招股说明书.pdf,64,subscription_flow,29,湘裕君源（受让自李文发）,2020-09-23,"2020年9月，公司股东曾烨、刘云锋、秦国君、李文发与郦韩英、沈笑彦、衣嘉平、余满芬、崔振南、鸿迪投资、福建开京、湘裕君源等签署股份转让协议，转让股份合计1,659,535股；表格列示各受让方转让股数及转让价格。此次增资及股权转让的每股价格..."
301563,云汉芯城,301563_云汉芯城_IPO招股说明书.pdf,64,subscription_flow,30,湘裕君源（受让自秦国君）,2020-09-23,"2020年9月，公司股东曾烨、刘云锋、秦国君、李文发与郦韩英、沈笑彦、衣嘉平、余满芬、崔振南、鸿迪投资、福建开京、湘裕君源等签署股份转让协议，转让股份合计1,659,535股；表格列示各受让方转让股数及转让价格。此次增资及股权转让的每股价格..."
301563,云汉芯城,301563_云汉芯城_IPO招股说明书.pdf,64,equity_snapshot,93,曾烨,2020-09增资/转让后,"本次变更完成后，发行人的股权结构如下，合计48,837,074股，100.00%。"
301563,云汉芯城,301563_云汉芯城_IPO招股说明书.pdf,64,equity_snapshot,94,刘云锋,2020-09增资/转让后,"本次变更完成后，发行人的股权结构如下，合计48,837,074股，100.00%。"
301563,云汉芯城,301563_云汉芯城_IPO招股说明书.pdf,64,equity_snapshot,95,力源信息,2020-09增资/转让后,"本次变更完成后，发行人的股权结构如下，合计48,837,074股，100.00%。"
301563,云汉芯城,301563_云汉芯城_IPO招股说明书.pdf,64,equity_snapshot,96,芜湖富海,2020-09增资/转让后,"本次变更完成后，发行人的股权结构如下，合计48,837,074股，100.00%。"
301563,云汉芯城,301563_云汉芯城_IPO招股说明书.pdf,64,equity_snapshot,97,国科瑞华,2020-09增资/转让后,"本次变更完成后，发行人的股权结构如下，合计48,837,074股，100.00%。"
301563,云汉芯城,301563_云汉芯城_IPO招股说明书.pdf,64,equity_snapshot,98,东方富海,2020-09增资/转让后,"本次变更完成后，发行人的股权结构如下，合计48,837,074股，100.00%。"
301563,云汉芯城,301563_云汉芯城_IPO招股说明书.pdf,64,equity_snapshot,99,火炬电子,2020-09增资/转让后,"本次变更完成后，发行人的股权结构如下，合计48,837,074股，100.00%。"
301563,云汉芯城,301563_云汉芯城_IPO招股说明书.pdf,64,equity_snapshot,100,为赛咨询,2020-09增资/转让后,"本次变更完成后，发行人的股权结构如下，合计48,837,074股，100.00%。"
301563,云汉芯城,301563_云汉芯城_IPO招股说明书.pdf,64,equity_snapshot,101,南山富海,2020-09增资/转让后,"本次变更完成后，发行人的股权结构如下，合计48,837,074股，100.00%。"
301563,云汉芯城,301563_云汉芯城_IPO招股说明书.pdf,64,equity_snapshot,102,厦门西堤,2020-09增资/转让后,"本次变更完成后，发行人的股权结构如下，合计48,837,074股，100.00%。"
301563,云汉芯城,301563_云汉芯城_IPO招股说明书.pdf,64,equity_snapshot,103,深创投,2020-09增资/转让后,"本次变更完成后，发行人的股权结构如下，合计48,837,074股，100.00%。"
301563,云汉芯城,301563_云汉芯城_IPO招股说明书.pdf,64,equity_snapshot,104,鸿迪投资,2020-09增资/转让后,"本次变更完成后，发行人的股权结构如下，合计48,837,074股，100.00%。"
301563,云汉芯城,301563_云汉芯城_IPO招股说明书.pdf,64,equity_snapshot,105,天健创投,2020-09增资/转让后,"本次变更完成后，发行人的股权结构如下，合计48,837,074股，100.00%。"
301563,云汉芯城,301563_云汉芯城_IPO招股说明书.pdf,64,equity_snapshot,106,CASREV FUND,2020-09增资/转让后,"本次变更完成后，发行人的股权结构如下，合计48,837,074股，100.00%。"
301563,云汉芯城,301563_云汉芯城_IPO招股说明书.pdf,64,equity_snapshot,107,周雪峰,2020-09增资/转让后,"本次变更完成后，发行人的股权结构如下，合计48,837,074股，100.00%。"
301563,云汉芯城,301563_云汉芯城_IPO招股说明书.pdf,64,equity_snapshot,108,李文发,2020-09增资/转让后,"本次变更完成后，发行人的股权结构如下，合计48,837,074股，100.00%。"
301563,云汉芯城,301563_云汉芯城_IPO招股说明书.pdf,64,equity_snapshot,109,中科贵银,2020-09增资/转让后,"本次变更完成后，发行人的股权结构如下，合计48,837,074股，100.00%。"
301563,云汉芯城,301563_云汉芯城_IPO招股说明书.pdf,64,equity_snapshot,110,富海节能,2020-09增资/转让后,"本次变更完成后，发行人的股权结构如下，合计48,837,074股，100.00%。"
301563,云汉芯城,301563_云汉芯城_IPO招股说明书.pdf,64,equity_snapshot,111,郦韩英,2020-09增资/转让后,"本次变更完成后，发行人的股权结构如下，合计48,837,074股，100.00%。"
301563,云汉芯城,301563_云汉芯城_IPO招股说明书.pdf,64,equity_snapshot,112,秦国君,2020-09增资/转让后,"本次变更完成后，发行人的股权结构如下，合计48,837,074股，100.00%。"
301563,云汉芯城,301563_云汉芯城_IPO招股说明书.pdf,64,equity_snapshot,113,中小企业基金,2020-09增资/转让后,"本次变更完成后，发行人的股权结构如下，合计48,837,074股，100.00%。"
301563,云汉芯城,301563_云汉芯城_IPO招股说明书.pdf,64,equity_snapshot,114,珠海拓域,2020-09增资/转让后,"本次变更完成后，发行人的股权结构如下，合计48,837,074股，100.00%。"
301563,云汉芯城,301563_云汉芯城_IPO招股说明书.pdf,64,equity_snapshot,115,富海深湾,2020-09增资/转让后,"本次变更完成后，发行人的股权结构如下，合计48,837,074股，100.00%。"
301563,云汉芯城,301563_云汉芯城_IPO招股说明书.pdf,64,equity_snapshot,116,镇江红土,2020-09增资/转让后,"本次变更完成后，发行人的股权结构如下，合计48,837,074股，100.00%。"
301563,云汉芯城,301563_云汉芯城_IPO招股说明书.pdf,64,equity_snapshot,117,昆山红土,2020-09增资/转让后,"本次变更完成后，发行人的股权结构如下，合计48,837,074股，100.00%。"
301563,云汉芯城,301563_云汉芯城_IPO招股说明书.pdf,64,equity_snapshot,118,湘裕君源,2020-09增资/转让后,"本次变更完成后，发行人的股权结构如下，合计48,837,074股，100.00%。"
301563,云汉芯城,301563_云汉芯城_IPO招股说明书.pdf,64,equity_snapshot,119,临港投资,2020-09增资/转让后,"本次变更完成后，发行人的股权结构如下，合计48,837,074股，100.00%。"
301563,云汉芯城,301563_云汉芯城_IPO招股说明书.pdf,64,equity_snapshot,120,李剑峰,2020-09增资/转让后,"本次变更完成后，发行人的股权结构如下，合计48,837,074股，100.00%。"
301563,云汉芯城,301563_云汉芯城_IPO招股说明书.pdf,64,equity_snapshot,121,福建开京,2020-09增资/转让后,"本次变更完成后，发行人的股权结构如下，合计48,837,074股，100.00%。"
301563,云汉芯城,301563_云汉芯城_IPO招股说明书.pdf,64,equity_snapshot,122,沈笑彦,2020-09增资/转让后,"本次变更完成后，发行人的股权结构如下，合计48,837,074股，100.00%。"
301563,云汉芯城,301563_云汉芯城_IPO招股说明书.pdf,64,equity_snapshot,123,衣嘉平,2020-09增资/转让后,"本次变更完成后，发行人的股权结构如下，合计48,837,074股，100.00%。"
301563,云汉芯城,301563_云汉芯城_IPO招股说明书.pdf,64,equity_snapshot,124,余满芬,2020-09增资/转让后,"本次变更完成后，发行人的股权结构如下，合计48,837,074股，100.00%。"
301563,云汉芯城,301563_云汉芯城_IPO招股说明书.pdf,64,equity_snapshot,125,夏东,2020-09增资/转让后,"本次变更完成后，发行人的股权结构如下，合计48,837,074股，100.00%。"
301563,云汉芯城,301563_云汉芯城_IPO招股说明书.pdf,64,equity_snapshot,126,崔振南,2020-09增资/转让后,"本次变更完成后，发行人的股权结构如下，合计48,837,074股，100.00%。"
301581,黄山谷捷,301581_黄山谷捷_IPO招股说明书.pdf,39,equity_snapshot,7,昆山谷捷,t0_2012-06设立,"设立时，谷捷有限的股权结构如下：昆山谷捷出资额1,000.00万元，出资比例100.00%。"
301581,黄山谷捷,301581_黄山谷捷_IPO招股说明书.pdf,40,equity_snapshot,25,黄山供销集团,2022-09股份公司整体变更后,"本次整体变更后，黄山谷捷的股权结构如下：黄山供销集团3,112.20万股51.8700%；赛格高技术1,539.00万股25.6500%；张俊武438.90万股7.3150%；周斌438.90万股7.3150%；黄山佳捷300.00万股5...."
301581,黄山谷捷,301581_黄山谷捷_IPO招股说明书.pdf,40,equity_snapshot,26,赛格高技术,2022-09股份公司整体变更后,"本次整体变更后，黄山谷捷的股权结构如下：黄山供销集团3,112.20万股51.8700%；赛格高技术1,539.00万股25.6500%；张俊武438.90万股7.3150%；周斌438.90万股7.3150%；黄山佳捷300.00万股5...."
301581,黄山谷捷,301581_黄山谷捷_IPO招股说明书.pdf,40,equity_snapshot,27,张俊武,2022-09股份公司整体变更后,"本次整体变更后，黄山谷捷的股权结构如下：黄山供销集团3,112.20万股51.8700%；赛格高技术1,539.00万股25.6500%；张俊武438.90万股7.3150%；周斌438.90万股7.3150%；黄山佳捷300.00万股5...."
301581,黄山谷捷,301581_黄山谷捷_IPO招股说明书.pdf,40,equity_snapshot,28,周斌,2022-09股份公司整体变更后,"本次整体变更后，黄山谷捷的股权结构如下：黄山供销集团3,112.20万股51.8700%；赛格高技术1,539.00万股25.6500%；张俊武438.90万股7.3150%；周斌438.90万股7.3150%；黄山佳捷300.00万股5...."
301581,黄山谷捷,301581_黄山谷捷_IPO招股说明书.pdf,40,equity_snapshot,29,黄山佳捷,2022-09股份公司整体变更后,"本次整体变更后，黄山谷捷的股权结构如下：黄山供销集团3,112.20万股51.8700%；赛格高技术1,539.00万股25.6500%；张俊武438.90万股7.3150%；周斌438.90万股7.3150%；黄山佳捷300.00万股5...."
301581,黄山谷捷,301581_黄山谷捷_IPO招股说明书.pdf,40,equity_snapshot,30,上汽科技,2022-09股份公司整体变更后,"本次整体变更后，黄山谷捷的股权结构如下：黄山供销集团3,112.20万股51.8700%；赛格高技术1,539.00万股25.6500%；张俊武438.90万股7.3150%；周斌438.90万股7.3150%；黄山佳捷300.00万股5...."
301581,黄山谷捷,301581_黄山谷捷_IPO招股说明书.pdf,42,subscription_flow,1,黄山供销集团（受让自昆山谷捷）,2021-04-03,昆山谷捷将其所持谷捷有限78%、11%、11%的股权以零对价分别转让给黄山供销集团、张俊武、周斌。本次股权转让价格为0元。
301581,黄山谷捷,301581_黄山谷捷_IPO招股说明书.pdf,42,subscription_flow,2,张俊武（受让自昆山谷捷）,2021-04-03,昆山谷捷将其所持谷捷有限78%、11%、11%的股权以零对价分别转让给黄山供销集团、张俊武、周斌。本次股权转让价格为0元。
301581,黄山谷捷,301581_黄山谷捷_IPO招股说明书.pdf,42,subscription_flow,3,周斌（受让自昆山谷捷）,2021-04-03,昆山谷捷将其所持谷捷有限78%、11%、11%的股权以零对价分别转让给黄山供销集团、张俊武、周斌。本次股权转让价格为0元。
301581,黄山谷捷,301581_黄山谷捷_IPO招股说明书.pdf,42,equity_snapshot,8,黄山供销集团,2021-04第一次股权转让后,"本次股权转让后，谷捷有限的股权结构如下：黄山供销集团780.00万元78.00%；张俊武110.00万元11.00%；周斌110.00万元11.00%；合计1,000.00万元100.00%。"
301581,黄山谷捷,301581_黄山谷捷_IPO招股说明书.pdf,42,equity_snapshot,9,张俊武,2021-04第一次股权转让后,"本次股权转让后，谷捷有限的股权结构如下：黄山供销集团780.00万元78.00%；张俊武110.00万元11.00%；周斌110.00万元11.00%；合计1,000.00万元100.00%。"
301581,黄山谷捷,301581_黄山谷捷_IPO招股说明书.pdf,42,equity_snapshot,10,周斌,2021-04第一次股权转让后,"本次股权转让后，谷捷有限的股权结构如下：黄山供销集团780.00万元78.00%；张俊武110.00万元11.00%；周斌110.00万元11.00%；合计1,000.00万元100.00%。"
301581,黄山谷捷,301581_黄山谷捷_IPO招股说明书.pdf,44,subscription_flow,4,赛格高技术,2021-09-18,2021年9月18日，赛格高技术、上汽科技等签署增资协议，谷捷有限增加注册资本514.2857万元，其中赛格高技术认缴462.8571万元、上汽科技认缴51.4286万元，增资价格为22.42元/注册资本，出资方式为货币。
301581,黄山谷捷,301581_黄山谷捷_IPO招股说明书.pdf,44,subscription_flow,5,上汽科技,2021-09-18,2021年9月18日，赛格高技术、上汽科技等签署增资协议，谷捷有限增加注册资本514.2857万元，其中赛格高技术认缴462.8571万元、上汽科技认缴51.4286万元，增资价格为22.42元/注册资本，出资方式为货币。
301581,黄山谷捷,301581_黄山谷捷_IPO招股说明书.pdf,44,equity_snapshot,11,黄山供销集团,2021-04吸收合并后,"本次吸收合并前后表显示，吸收合并后谷捷有限出资额：黄山供销集团936.00万元78.00%；张俊武132.00万元11.00%；周斌132.00万元11.00%；合计1,200.00万元100.00%。"
301581,黄山谷捷,301581_黄山谷捷_IPO招股说明书.pdf,44,equity_snapshot,12,张俊武,2021-04吸收合并后,"本次吸收合并前后表显示，吸收合并后谷捷有限出资额：黄山供销集团936.00万元78.00%；张俊武132.00万元11.00%；周斌132.00万元11.00%；合计1,200.00万元100.00%。"
301581,黄山谷捷,301581_黄山谷捷_IPO招股说明书.pdf,44,equity_snapshot,13,周斌,2021-04吸收合并后,"本次吸收合并前后表显示，吸收合并后谷捷有限出资额：黄山供销集团936.00万元78.00%；张俊武132.00万元11.00%；周斌132.00万元11.00%；合计1,200.00万元100.00%。"
301581,黄山谷捷,301581_黄山谷捷_IPO招股说明书.pdf,45,equity_snapshot,14,黄山供销集团,2021-11第一次增资完成后,本次增资完成后，公司股权结构如下：黄山供销集团936.0000万元54.60%；赛格高技术462.8571万元27.00%；张俊武132.0000万元7.70%；周斌132.0000万元7.70%；上汽科技51.4286万元3.00%；合计...
301581,黄山谷捷,301581_黄山谷捷_IPO招股说明书.pdf,45,equity_snapshot,15,赛格高技术,2021-11第一次增资完成后,本次增资完成后，公司股权结构如下：黄山供销集团936.0000万元54.60%；赛格高技术462.8571万元27.00%；张俊武132.0000万元7.70%；周斌132.0000万元7.70%；上汽科技51.4286万元3.00%；合计...
301581,黄山谷捷,301581_黄山谷捷_IPO招股说明书.pdf,45,equity_snapshot,16,张俊武,2021-11第一次增资完成后,本次增资完成后，公司股权结构如下：黄山供销集团936.0000万元54.60%；赛格高技术462.8571万元27.00%；张俊武132.0000万元7.70%；周斌132.0000万元7.70%；上汽科技51.4286万元3.00%；合计...
301581,黄山谷捷,301581_黄山谷捷_IPO招股说明书.pdf,45,equity_snapshot,17,周斌,2021-11第一次增资完成后,本次增资完成后，公司股权结构如下：黄山供销集团936.0000万元54.60%；赛格高技术462.8571万元27.00%；张俊武132.0000万元7.70%；周斌132.0000万元7.70%；上汽科技51.4286万元3.00%；合计...
301581,黄山谷捷,301581_黄山谷捷_IPO招股说明书.pdf,45,equity_snapshot,18,上汽科技,2021-11第一次增资完成后,本次增资完成后，公司股权结构如下：黄山供销集团936.0000万元54.60%；赛格高技术462.8571万元27.00%；张俊武132.0000万元7.70%；周斌132.0000万元7.70%；上汽科技51.4286万元3.00%；合计...
301581,黄山谷捷,301581_黄山谷捷_IPO招股说明书.pdf,46,equity_snapshot,19,黄山供销集团,2022-05第二次增资完成后,本次增资完成后，谷捷有限的股权结构如下：黄山供销集团936.0000万元51.8700%；赛格高技术462.8571万元25.6500%；张俊武132.0000万元7.3150%；周斌132.0000万元7.3150%；黄山佳捷90.225...
301581,黄山谷捷,301581_黄山谷捷_IPO招股说明书.pdf,46,equity_snapshot,20,赛格高技术,2022-05第二次增资完成后,本次增资完成后，谷捷有限的股权结构如下：黄山供销集团936.0000万元51.8700%；赛格高技术462.8571万元25.6500%；张俊武132.0000万元7.3150%；周斌132.0000万元7.3150%；黄山佳捷90.225...
301581,黄山谷捷,301581_黄山谷捷_IPO招股说明书.pdf,46,equity_snapshot,21,张俊武,2022-05第二次增资完成后,本次增资完成后，谷捷有限的股权结构如下：黄山供销集团936.0000万元51.8700%；赛格高技术462.8571万元25.6500%；张俊武132.0000万元7.3150%；周斌132.0000万元7.3150%；黄山佳捷90.225...
301581,黄山谷捷,301581_黄山谷捷_IPO招股说明书.pdf,46,equity_snapshot,22,周斌,2022-05第二次增资完成后,本次增资完成后，谷捷有限的股权结构如下：黄山供销集团936.0000万元51.8700%；赛格高技术462.8571万元25.6500%；张俊武132.0000万元7.3150%；周斌132.0000万元7.3150%；黄山佳捷90.225...
301581,黄山谷捷,301581_黄山谷捷_IPO招股说明书.pdf,46,equity_snapshot,23,黄山佳捷,2022-05第二次增资完成后,本次增资完成后，谷捷有限的股权结构如下：黄山供销集团936.0000万元51.8700%；赛格高技术462.8571万元25.6500%；张俊武132.0000万元7.3150%；周斌132.0000万元7.3150%；黄山佳捷90.225...
301581,黄山谷捷,301581_黄山谷捷_IPO招股说明书.pdf,46,equity_snapshot,24,上汽科技,2022-05第二次增资完成后,本次增资完成后，谷捷有限的股权结构如下：黄山供销集团936.0000万元51.8700%；赛格高技术462.8571万元25.6500%；张俊武132.0000万元7.3150%；周斌132.0000万元7.3150%；黄山佳捷90.225...
301581,黄山谷捷,301581_黄山谷捷_IPO招股说明书.pdf,60,subscription_flow,6,黄山佳捷,2022-05-24,"2022年5月24日，谷捷有限与黄山佳捷签署增资扩股协议，黄山佳捷以2,124.8129万元认购发行人90.2256万元注册资本，增资价格为23.55元/注册资本。"
603418,友升股份,603418_友升股份_IPO招股说明书.pdf,42,equity_snapshot,14,徐泾工业公司,t0_1992-12设立,友升有限设立时股东及出资情况：徐泾工业公司出资额240.00万美元60.00%；友升太平洋美国出资额160.00万美元40.00%；合计400.00万美元100.00%。
603418,友升股份,603418_友升股份_IPO招股说明书.pdf,42,equity_snapshot,15,友升太平洋美国,t0_1992-12设立,友升有限设立时股东及出资情况：徐泾工业公司出资额240.00万美元60.00%；友升太平洋美国出资额160.00万美元40.00%；合计400.00万美元100.00%。
603418,友升股份,603418_友升股份_IPO招股说明书.pdf,43,equity_snapshot,16,泽升贸易,报告期初,"报告期初，友升有限股权结构：泽升贸易8,190.8086万元74.80%；达晨创联基金1,642.5418万元15.00%；共青城泽升930.7737万元8.50%；罗世兵186.1547万元1.70%；合计10,950.2788万元100..."
603418,友升股份,603418_友升股份_IPO招股说明书.pdf,43,equity_snapshot,17,达晨创联基金,报告期初,"报告期初，友升有限股权结构：泽升贸易8,190.8086万元74.80%；达晨创联基金1,642.5418万元15.00%；共青城泽升930.7737万元8.50%；罗世兵186.1547万元1.70%；合计10,950.2788万元100..."
603418,友升股份,603418_友升股份_IPO招股说明书.pdf,43,equity_snapshot,18,共青城泽升,报告期初,"报告期初，友升有限股权结构：泽升贸易8,190.8086万元74.80%；达晨创联基金1,642.5418万元15.00%；共青城泽升930.7737万元8.50%；罗世兵186.1547万元1.70%；合计10,950.2788万元100..."
603418,友升股份,603418_友升股份_IPO招股说明书.pdf,43,equity_snapshot,19,罗世兵,报告期初,"报告期初，友升有限股权结构：泽升贸易8,190.8086万元74.80%；达晨创联基金1,642.5418万元15.00%；共青城泽升930.7737万元8.50%；罗世兵186.1547万元1.70%；合计10,950.2788万元100..."
603418,友升股份,603418_友升股份_IPO招股说明书.pdf,43,equity_snapshot,20,泽升贸易,2020-09股份公司整体变更后,"公司整体变更设立时股权结构：泽升贸易8,976.00万股74.80%；达晨创联基金1,800.00万股15.00%；共青城泽升1,020.00万股8.50%；罗世兵204.00万股1.70%；合计12,000.00万股100.00%。"
603418,友升股份,603418_友升股份_IPO招股说明书.pdf,43,equity_snapshot,21,达晨创联基金,2020-09股份公司整体变更后,"公司整体变更设立时股权结构：泽升贸易8,976.00万股74.80%；达晨创联基金1,800.00万股15.00%；共青城泽升1,020.00万股8.50%；罗世兵204.00万股1.70%；合计12,000.00万股100.00%。"
603418,友升股份,603418_友升股份_IPO招股说明书.pdf,43,equity_snapshot,22,共青城泽升,2020-09股份公司整体变更后,"公司整体变更设立时股权结构：泽升贸易8,976.00万股74.80%；达晨创联基金1,800.00万股15.00%；共青城泽升1,020.00万股8.50%；罗世兵204.00万股1.70%；合计12,000.00万股100.00%。"
603418,友升股份,603418_友升股份_IPO招股说明书.pdf,43,equity_snapshot,23,罗世兵,2020-09股份公司整体变更后,"公司整体变更设立时股权结构：泽升贸易8,976.00万股74.80%；达晨创联基金1,800.00万股15.00%；共青城泽升1,020.00万股8.50%；罗世兵204.00万股1.70%；合计12,000.00万股100.00%。"
603418,友升股份,603418_友升股份_IPO招股说明书.pdf,44,subscription_flow,1,金浦临港基金,2020-09-27,"2020年9月，金浦临港基金、金浦科创基金和上海骁墨分别以7,000万元、3,000万元和1,500万元认购发行人新增注册资本840万元、360万元和180万元；新增股份认购价格为8.3333元/股。"
603418,友升股份,603418_友升股份_IPO招股说明书.pdf,44,subscription_flow,2,金浦科创基金,2020-09-27,"2020年9月，金浦临港基金、金浦科创基金和上海骁墨分别以7,000万元、3,000万元和1,500万元认购发行人新增注册资本840万元、360万元和180万元；新增股份认购价格为8.3333元/股。"
603418,友升股份,603418_友升股份_IPO招股说明书.pdf,44,subscription_flow,3,上海骁墨,2020-09-27,"2020年9月，金浦临港基金、金浦科创基金和上海骁墨分别以7,000万元、3,000万元和1,500万元认购发行人新增注册资本840万元、360万元和180万元；新增股份认购价格为8.3333元/股。"
603418,友升股份,603418_友升股份_IPO招股说明书.pdf,44,equity_snapshot,24,泽升贸易,2020-09增资后,"本次增资后，友升股份股权结构：泽升贸易8,976.00万股67.09%；达晨创联基金1,800.00万股13.45%；共青城泽升1,020.00万股7.62%；罗世兵204.00万股1.52%；金浦临港基金840.00万股6.28%；金浦科..."
603418,友升股份,603418_友升股份_IPO招股说明书.pdf,44,equity_snapshot,25,达晨创联基金,2020-09增资后,"本次增资后，友升股份股权结构：泽升贸易8,976.00万股67.09%；达晨创联基金1,800.00万股13.45%；共青城泽升1,020.00万股7.62%；罗世兵204.00万股1.52%；金浦临港基金840.00万股6.28%；金浦科..."
603418,友升股份,603418_友升股份_IPO招股说明书.pdf,44,equity_snapshot,26,共青城泽升,2020-09增资后,"本次增资后，友升股份股权结构：泽升贸易8,976.00万股67.09%；达晨创联基金1,800.00万股13.45%；共青城泽升1,020.00万股7.62%；罗世兵204.00万股1.52%；金浦临港基金840.00万股6.28%；金浦科..."
603418,友升股份,603418_友升股份_IPO招股说明书.pdf,44,equity_snapshot,27,罗世兵,2020-09增资后,"本次增资后，友升股份股权结构：泽升贸易8,976.00万股67.09%；达晨创联基金1,800.00万股13.45%；共青城泽升1,020.00万股7.62%；罗世兵204.00万股1.52%；金浦临港基金840.00万股6.28%；金浦科..."
603418,友升股份,603418_友升股份_IPO招股说明书.pdf,44,equity_snapshot,28,金浦临港基金,2020-09增资后,"本次增资后，友升股份股权结构：泽升贸易8,976.00万股67.09%；达晨创联基金1,800.00万股13.45%；共青城泽升1,020.00万股7.62%；罗世兵204.00万股1.52%；金浦临港基金840.00万股6.28%；金浦科..."
603418,友升股份,603418_友升股份_IPO招股说明书.pdf,44,equity_snapshot,29,金浦科创基金,2020-09增资后,"本次增资后，友升股份股权结构：泽升贸易8,976.00万股67.09%；达晨创联基金1,800.00万股13.45%；共青城泽升1,020.00万股7.62%；罗世兵204.00万股1.52%；金浦临港基金840.00万股6.28%；金浦科..."
603418,友升股份,603418_友升股份_IPO招股说明书.pdf,44,equity_snapshot,30,上海骁墨,2020-09增资后,"本次增资后，友升股份股权结构：泽升贸易8,976.00万股67.09%；达晨创联基金1,800.00万股13.45%；共青城泽升1,020.00万股7.62%；罗世兵204.00万股1.52%；金浦临港基金840.00万股6.28%；金浦科..."
603418,友升股份,603418_友升股份_IPO招股说明书.pdf,45,subscription_flow,4,杉晖创业,2022-12-19,"2022年12月4日，友升股份同意增资至14,480.1333万元，新增股份认购价格为33.6323元/股；表格列示杉晖创业、上海联炻、安吉璞颉、财投晨源、深圳达晨创程、杉创智至、杭州达晨创程、达晨财汇、达晨财智、财智创赢的认购数量及认购金..."
603418,友升股份,603418_友升股份_IPO招股说明书.pdf,45,subscription_flow,5,上海联炻,2022-12-19,"2022年12月4日，友升股份同意增资至14,480.1333万元，新增股份认购价格为33.6323元/股；表格列示杉晖创业、上海联炻、安吉璞颉、财投晨源、深圳达晨创程、杉创智至、杭州达晨创程、达晨财汇、达晨财智、财智创赢的认购数量及认购金..."
603418,友升股份,603418_友升股份_IPO招股说明书.pdf,45,subscription_flow,6,安吉璞颉,2022-12-19,"2022年12月4日，友升股份同意增资至14,480.1333万元，新增股份认购价格为33.6323元/股；表格列示杉晖创业、上海联炻、安吉璞颉、财投晨源、深圳达晨创程、杉创智至、杭州达晨创程、达晨财汇、达晨财智、财智创赢的认购数量及认购金..."
603418,友升股份,603418_友升股份_IPO招股说明书.pdf,45,subscription_flow,7,财投晨源,2022-12-19,"2022年12月4日，友升股份同意增资至14,480.1333万元，新增股份认购价格为33.6323元/股；表格列示杉晖创业、上海联炻、安吉璞颉、财投晨源、深圳达晨创程、杉创智至、杭州达晨创程、达晨财汇、达晨财智、财智创赢的认购数量及认购金..."
603418,友升股份,603418_友升股份_IPO招股说明书.pdf,45,subscription_flow,8,深圳达晨创程,2022-12-19,"2022年12月4日，友升股份同意增资至14,480.1333万元，新增股份认购价格为33.6323元/股；表格列示杉晖创业、上海联炻、安吉璞颉、财投晨源、深圳达晨创程、杉创智至、杭州达晨创程、达晨财汇、达晨财智、财智创赢的认购数量及认购金..."
603418,友升股份,603418_友升股份_IPO招股说明书.pdf,45,subscription_flow,9,杉创智至,2022-12-19,"2022年12月4日，友升股份同意增资至14,480.1333万元，新增股份认购价格为33.6323元/股；表格列示杉晖创业、上海联炻、安吉璞颉、财投晨源、深圳达晨创程、杉创智至、杭州达晨创程、达晨财汇、达晨财智、财智创赢的认购数量及认购金..."
603418,友升股份,603418_友升股份_IPO招股说明书.pdf,45,subscription_flow,10,杭州达晨创程,2022-12-19,"2022年12月4日，友升股份同意增资至14,480.1333万元，新增股份认购价格为33.6323元/股；表格列示杉晖创业、上海联炻、安吉璞颉、财投晨源、深圳达晨创程、杉创智至、杭州达晨创程、达晨财汇、达晨财智、财智创赢的认购数量及认购金..."
603418,友升股份,603418_友升股份_IPO招股说明书.pdf,45,subscription_flow,11,达晨财汇,2022-12-19,"2022年12月4日，友升股份同意增资至14,480.1333万元，新增股份认购价格为33.6323元/股；表格列示杉晖创业、上海联炻、安吉璞颉、财投晨源、深圳达晨创程、杉创智至、杭州达晨创程、达晨财汇、达晨财智、财智创赢的认购数量及认购金..."
603418,友升股份,603418_友升股份_IPO招股说明书.pdf,45,subscription_flow,12,达晨财智,2022-12-19,"2022年12月4日，友升股份同意增资至14,480.1333万元，新增股份认购价格为33.6323元/股；表格列示杉晖创业、上海联炻、安吉璞颉、财投晨源、深圳达晨创程、杉创智至、杭州达晨创程、达晨财汇、达晨财智、财智创赢的认购数量及认购金..."
603418,友升股份,603418_友升股份_IPO招股说明书.pdf,45,subscription_flow,13,财智创赢,2022-12-19,"2022年12月4日，友升股份同意增资至14,480.1333万元，新增股份认购价格为33.6323元/股；表格列示杉晖创业、上海联炻、安吉璞颉、财投晨源、深圳达晨创程、杉创智至、杭州达晨创程、达晨财汇、达晨财智、财智创赢的认购数量及认购金..."
603418,友升股份,603418_友升股份_IPO招股说明书.pdf,45,equity_snapshot,31,泽升贸易,2022-12增资后/发行前,"本次增资后，友升股份股权结构列示17名股东，合计14,480.1333万股，100.00%。"
603418,友升股份,603418_友升股份_IPO招股说明书.pdf,45,equity_snapshot,32,达晨创联基金,2022-12增资后/发行前,"本次增资后，友升股份股权结构列示17名股东，合计14,480.1333万股，100.00%。"
603418,友升股份,603418_友升股份_IPO招股说明书.pdf,45,equity_snapshot,33,共青城泽升,2022-12增资后/发行前,"本次增资后，友升股份股权结构列示17名股东，合计14,480.1333万股，100.00%。"
603418,友升股份,603418_友升股份_IPO招股说明书.pdf,45,equity_snapshot,34,金浦临港基金,2022-12增资后/发行前,"本次增资后，友升股份股权结构列示17名股东，合计14,480.1333万股，100.00%。"
603418,友升股份,603418_友升股份_IPO招股说明书.pdf,45,equity_snapshot,35,金浦科创基金,2022-12增资后/发行前,"本次增资后，友升股份股权结构列示17名股东，合计14,480.1333万股，100.00%。"
603418,友升股份,603418_友升股份_IPO招股说明书.pdf,45,equity_snapshot,36,杉晖创业,2022-12增资后/发行前,"本次增资后，友升股份股权结构列示17名股东，合计14,480.1333万股，100.00%。"
603418,友升股份,603418_友升股份_IPO招股说明书.pdf,45,equity_snapshot,37,上海联炻,2022-12增资后/发行前,"本次增资后，友升股份股权结构列示17名股东，合计14,480.1333万股，100.00%。"
603418,友升股份,603418_友升股份_IPO招股说明书.pdf,45,equity_snapshot,38,罗世兵,2022-12增资后/发行前,"本次增资后，友升股份股权结构列示17名股东，合计14,480.1333万股，100.00%。"
603418,友升股份,603418_友升股份_IPO招股说明书.pdf,45,equity_snapshot,39,上海骁墨,2022-12增资后/发行前,"本次增资后，友升股份股权结构列示17名股东，合计14,480.1333万股，100.00%。"
603418,友升股份,603418_友升股份_IPO招股说明书.pdf,45,equity_snapshot,40,安吉璞颉,2022-12增资后/发行前,"本次增资后，友升股份股权结构列示17名股东，合计14,480.1333万股，100.00%。"
603418,友升股份,603418_友升股份_IPO招股说明书.pdf,45,equity_snapshot,41,财投晨源,2022-12增资后/发行前,"本次增资后，友升股份股权结构列示17名股东，合计14,480.1333万股，100.00%。"
603418,友升股份,603418_友升股份_IPO招股说明书.pdf,45,equity_snapshot,42,深圳达晨创程,2022-12增资后/发行前,"本次增资后，友升股份股权结构列示17名股东，合计14,480.1333万股，100.00%。"
603418,友升股份,603418_友升股份_IPO招股说明书.pdf,45,equity_snapshot,43,杉创智至,2022-12增资后/发行前,"本次增资后，友升股份股权结构列示17名股东，合计14,480.1333万股，100.00%。"
603418,友升股份,603418_友升股份_IPO招股说明书.pdf,45,equity_snapshot,44,杭州达晨创程,2022-12增资后/发行前,"本次增资后，友升股份股权结构列示17名股东，合计14,480.1333万股，100.00%。"
603418,友升股份,603418_友升股份_IPO招股说明书.pdf,45,equity_snapshot,45,达晨财汇,2022-12增资后/发行前,"本次增资后，友升股份股权结构列示17名股东，合计14,480.1333万股，100.00%。"
603418,友升股份,603418_友升股份_IPO招股说明书.pdf,45,equity_snapshot,46,达晨财智,2022-12增资后/发行前,"本次增资后，友升股份股权结构列示17名股东，合计14,480.1333万股，100.00%。"
603418,友升股份,603418_友升股份_IPO招股说明书.pdf,45,equity_snapshot,47,财智创赢,2022-12增资后/发行前,"本次增资后，友升股份股权结构列示17名股东，合计14,480.1333万股，100.00%。"
688758,赛分科技,688758_赛分科技_IPO招股说明书.pdf,54,equity_snapshot,21,黄学英,t0_报告期初,"报告期初，公司注册资本2,408.00万元，其股权结构如下，合计2,408.00万元，100.00%。"
688758,赛分科技,688758_赛分科技_IPO招股说明书.pdf,54,equity_snapshot,22,周金清,t0_报告期初,"报告期初，公司注册资本2,408.00万元，其股权结构如下，合计2,408.00万元，100.00%。"
688758,赛分科技,688758_赛分科技_IPO招股说明书.pdf,54,equity_snapshot,23,陆民,t0_报告期初,"报告期初，公司注册资本2,408.00万元，其股权结构如下，合计2,408.00万元，100.00%。"
688758,赛分科技,688758_赛分科技_IPO招股说明书.pdf,54,equity_snapshot,24,高新同华,t0_报告期初,"报告期初，公司注册资本2,408.00万元，其股权结构如下，合计2,408.00万元，100.00%。"
688758,赛分科技,688758_赛分科技_IPO招股说明书.pdf,54,equity_snapshot,25,华泰大健康一号,t0_报告期初,"报告期初，公司注册资本2,408.00万元，其股权结构如下，合计2,408.00万元，100.00%。"
688758,赛分科技,688758_赛分科技_IPO招股说明书.pdf,54,equity_snapshot,26,苏州贤达,t0_报告期初,"报告期初，公司注册资本2,408.00万元，其股权结构如下，合计2,408.00万元，100.00%。"
688758,赛分科技,688758_赛分科技_IPO招股说明书.pdf,54,equity_snapshot,27,苏州博达,t0_报告期初,"报告期初，公司注册资本2,408.00万元，其股权结构如下，合计2,408.00万元，100.00%。"
688758,赛分科技,688758_赛分科技_IPO招股说明书.pdf,54,equity_snapshot,28,苏州杰贤,t0_报告期初,"报告期初，公司注册资本2,408.00万元，其股权结构如下，合计2,408.00万元，100.00%。"
688758,赛分科技,688758_赛分科技_IPO招股说明书.pdf,54,equity_snapshot,29,潘鼎,t0_报告期初,"报告期初，公司注册资本2,408.00万元，其股权结构如下，合计2,408.00万元，100.00%。"
688758,赛分科技,688758_赛分科技_IPO招股说明书.pdf,54,equity_snapshot,30,海佳同康,t0_报告期初,"报告期初，公司注册资本2,408.00万元，其股权结构如下，合计2,408.00万元，100.00%。"
688758,赛分科技,688758_赛分科技_IPO招股说明书.pdf,54,equity_snapshot,31,苏州敦行,t0_报告期初,"报告期初，公司注册资本2,408.00万元，其股权结构如下，合计2,408.00万元，100.00%。"
688758,赛分科技,688758_赛分科技_IPO招股说明书.pdf,54,equity_snapshot,32,陈志华,t0_报告期初,"报告期初，公司注册资本2,408.00万元，其股权结构如下，合计2,408.00万元，100.00%。"
688758,赛分科技,688758_赛分科技_IPO招股说明书.pdf,54,equity_snapshot,33,耿卫东,t0_报告期初,"报告期初，公司注册资本2,408.00万元，其股权结构如下，合计2,408.00万元，100.00%。"
688758,赛分科技,688758_赛分科技_IPO招股说明书.pdf,54,equity_snapshot,34,骏耀投资,t0_报告期初,"报告期初，公司注册资本2,408.00万元，其股权结构如下，合计2,408.00万元，100.00%。"
688758,赛分科技,688758_赛分科技_IPO招股说明书.pdf,54,equity_snapshot,35,华泰大健康二号,t0_报告期初,"报告期初，公司注册资本2,408.00万元，其股权结构如下，合计2,408.00万元，100.00%。"
688758,赛分科技,688758_赛分科技_IPO招股说明书.pdf,54,equity_snapshot,36,道兴投资,t0_报告期初,"报告期初，公司注册资本2,408.00万元，其股权结构如下，合计2,408.00万元，100.00%。"
688758,赛分科技,688758_赛分科技_IPO招股说明书.pdf,55,subscription_flow,1,复星惟盈（受让自黄学英）,2021-02/2021-03,2021年2月，黄学英将其持有的赛分有限58.2243万元注册资本分别转让给复星惟盈、朱勤华、唐斌及张敏；表格列示转让单价51.52元/注册资本、注册资本及转让价格。
688758,赛分科技,688758_赛分科技_IPO招股说明书.pdf,55,subscription_flow,2,朱勤华（受让自黄学英）,2021-02/2021-03,2021年2月，黄学英将其持有的赛分有限58.2243万元注册资本分别转让给复星惟盈、朱勤华、唐斌及张敏；表格列示转让单价51.52元/注册资本、注册资本及转让价格。
688758,赛分科技,688758_赛分科技_IPO招股说明书.pdf,55,subscription_flow,3,唐斌（受让自黄学英）,2021-02/2021-03,2021年2月，黄学英将其持有的赛分有限58.2243万元注册资本分别转让给复星惟盈、朱勤华、唐斌及张敏；表格列示转让单价51.52元/注册资本、注册资本及转让价格。
688758,赛分科技,688758_赛分科技_IPO招股说明书.pdf,55,subscription_flow,4,张敏（受让自黄学英）,2021-02/2021-03,2021年2月，黄学英将其持有的赛分有限58.2243万元注册资本分别转让给复星惟盈、朱勤华、唐斌及张敏；表格列示转让单价51.52元/注册资本、注册资本及转让价格。
688758,赛分科技,688758_赛分科技_IPO招股说明书.pdf,56,subscription_flow,5,国寿疌泉,2021-02-25,"2021年2月25日，赛分有限注册资本增加342.6769万元至2,750.6769万元。新增注册资本由国寿疌泉、复星惟盈、唐斌、张敏以人民币1.85亿元认购；表格列示认缴出资额、增资价格和增资金额。"
688758,赛分科技,688758_赛分科技_IPO招股说明书.pdf,56,subscription_flow,6,复星惟盈,2021-02-25,"2021年2月25日，赛分有限注册资本增加342.6769万元至2,750.6769万元。新增注册资本由国寿疌泉、复星惟盈、唐斌、张敏以人民币1.85亿元认购；表格列示认缴出资额、增资价格和增资金额。"
688758,赛分科技,688758_赛分科技_IPO招股说明书.pdf,56,subscription_flow,7,唐斌,2021-02-25,"2021年2月25日，赛分有限注册资本增加342.6769万元至2,750.6769万元。新增注册资本由国寿疌泉、复星惟盈、唐斌、张敏以人民币1.85亿元认购；表格列示认缴出资额、增资价格和增资金额。"
688758,赛分科技,688758_赛分科技_IPO招股说明书.pdf,56,subscription_flow,8,张敏,2021-02-25,"2021年2月25日，赛分有限注册资本增加342.6769万元至2,750.6769万元。新增注册资本由国寿疌泉、复星惟盈、唐斌、张敏以人民币1.85亿元认购；表格列示认缴出资额、增资价格和增资金额。"
688758,赛分科技,688758_赛分科技_IPO招股说明书.pdf,56,equity_snapshot,37,黄学英,2021-04第一次转让及增资完成后,"本次增资和股权转让完成后，赛分有限股权结构如下，合计2,750.6769万元，100.0000%。"
688758,赛分科技,688758_赛分科技_IPO招股说明书.pdf,56,equity_snapshot,38,周金清,2021-04第一次转让及增资完成后,"本次增资和股权转让完成后，赛分有限股权结构如下，合计2,750.6769万元，100.0000%。"
688758,赛分科技,688758_赛分科技_IPO招股说明书.pdf,56,equity_snapshot,39,陆民,2021-04第一次转让及增资完成后,"本次增资和股权转让完成后，赛分有限股权结构如下，合计2,750.6769万元，100.0000%。"
688758,赛分科技,688758_赛分科技_IPO招股说明书.pdf,56,equity_snapshot,40,国寿疌泉,2021-04第一次转让及增资完成后,"本次增资和股权转让完成后，赛分有限股权结构如下，合计2,750.6769万元，100.0000%。"
688758,赛分科技,688758_赛分科技_IPO招股说明书.pdf,56,equity_snapshot,41,高新同华,2021-04第一次转让及增资完成后,"本次增资和股权转让完成后，赛分有限股权结构如下，合计2,750.6769万元，100.0000%。"
688758,赛分科技,688758_赛分科技_IPO招股说明书.pdf,56,equity_snapshot,42,华泰大健康一号,2021-04第一次转让及增资完成后,"本次增资和股权转让完成后，赛分有限股权结构如下，合计2,750.6769万元，100.0000%。"
688758,赛分科技,688758_赛分科技_IPO招股说明书.pdf,56,equity_snapshot,43,苏州贤达,2021-04第一次转让及增资完成后,"本次增资和股权转让完成后，赛分有限股权结构如下，合计2,750.6769万元，100.0000%。"
688758,赛分科技,688758_赛分科技_IPO招股说明书.pdf,56,equity_snapshot,44,苏州博达,2021-04第一次转让及增资完成后,"本次增资和股权转让完成后，赛分有限股权结构如下，合计2,750.6769万元，100.0000%。"
688758,赛分科技,688758_赛分科技_IPO招股说明书.pdf,56,equity_snapshot,45,复星惟盈,2021-04第一次转让及增资完成后,"本次增资和股权转让完成后，赛分有限股权结构如下，合计2,750.6769万元，100.0000%。"
688758,赛分科技,688758_赛分科技_IPO招股说明书.pdf,56,equity_snapshot,46,苏州杰贤,2021-04第一次转让及增资完成后,"本次增资和股权转让完成后，赛分有限股权结构如下，合计2,750.6769万元，100.0000%。"
688758,赛分科技,688758_赛分科技_IPO招股说明书.pdf,56,equity_snapshot,47,潘鼎,2021-04第一次转让及增资完成后,"本次增资和股权转让完成后，赛分有限股权结构如下，合计2,750.6769万元，100.0000%。"
688758,赛分科技,688758_赛分科技_IPO招股说明书.pdf,56,equity_snapshot,48,海佳同康,2021-04第一次转让及增资完成后,"本次增资和股权转让完成后，赛分有限股权结构如下，合计2,750.6769万元，100.0000%。"
688758,赛分科技,688758_赛分科技_IPO招股说明书.pdf,56,equity_snapshot,49,苏州敦行,2021-04第一次转让及增资完成后,"本次增资和股权转让完成后，赛分有限股权结构如下，合计2,750.6769万元，100.0000%。"
688758,赛分科技,688758_赛分科技_IPO招股说明书.pdf,56,equity_snapshot,50,陈志华,2021-04第一次转让及增资完成后,"本次增资和股权转让完成后，赛分有限股权结构如下，合计2,750.6769万元，100.0000%。"
688758,赛分科技,688758_赛分科技_IPO招股说明书.pdf,56,equity_snapshot,51,耿卫东,2021-04第一次转让及增资完成后,"本次增资和股权转让完成后，赛分有限股权结构如下，合计2,750.6769万元，100.0000%。"
688758,赛分科技,688758_赛分科技_IPO招股说明书.pdf,56,equity_snapshot,52,骏耀投资,2021-04第一次转让及增资完成后,"本次增资和股权转让完成后，赛分有限股权结构如下，合计2,750.6769万元，100.0000%。"
688758,赛分科技,688758_赛分科技_IPO招股说明书.pdf,56,equity_snapshot,53,朱勤华,2021-04第一次转让及增资完成后,"本次增资和股权转让完成后，赛分有限股权结构如下，合计2,750.6769万元，100.0000%。"
688758,赛分科技,688758_赛分科技_IPO招股说明书.pdf,56,equity_snapshot,54,华泰大健康二号,2021-04第一次转让及增资完成后,"本次增资和股权转让完成后，赛分有限股权结构如下，合计2,750.6769万元，100.0000%。"
688758,赛分科技,688758_赛分科技_IPO招股说明书.pdf,56,equity_snapshot,55,道兴投资,2021-04第一次转让及增资完成后,"本次增资和股权转让完成后，赛分有限股权结构如下，合计2,750.6769万元，100.0000%。"
688758,赛分科技,688758_赛分科技_IPO招股说明书.pdf,56,equity_snapshot,56,唐斌,2021-04第一次转让及增资完成后,"本次增资和股权转让完成后，赛分有限股权结构如下，合计2,750.6769万元，100.0000%。"
688758,赛分科技,688758_赛分科技_IPO招股说明书.pdf,56,equity_snapshot,57,张敏,2021-04第一次转让及增资完成后,"本次增资和股权转让完成后，赛分有限股权结构如下，合计2,750.6769万元，100.0000%。"
688758,赛分科技,688758_赛分科技_IPO招股说明书.pdf,57,subscription_flow,9,高新同华（受让自黄学英）,2021-07-10,2021年7月10日，黄学英同意以合计人民币0元价格向高新同华转让其所持有的赛分有限22万元注册资本。
688758,赛分科技,688758_赛分科技_IPO招股说明书.pdf,59,subscription_flow,10,源峰磐赛,2021-10-28/2021-11,"2021年11月第二次增资，赛分科技增发股份4,243,901股，由源峰磐赛、珠海峦恒、高瓴祈睿、国药中生、圣成投资、国药二期、圣祁投资、夏尔巴二期、甘李药业、吴征涛认购；表格列示认购股份、股份价格和认购金额。"
688758,赛分科技,688758_赛分科技_IPO招股说明书.pdf,59,subscription_flow,11,珠海峦恒,2021-10-28/2021-11,"2021年11月第二次增资，赛分科技增发股份4,243,901股，由源峰磐赛、珠海峦恒、高瓴祈睿、国药中生、圣成投资、国药二期、圣祁投资、夏尔巴二期、甘李药业、吴征涛认购；表格列示认购股份、股份价格和认购金额。"
688758,赛分科技,688758_赛分科技_IPO招股说明书.pdf,59,subscription_flow,12,高瓴祈睿,2021-10-28/2021-11,"2021年11月第二次增资，赛分科技增发股份4,243,901股，由源峰磐赛、珠海峦恒、高瓴祈睿、国药中生、圣成投资、国药二期、圣祁投资、夏尔巴二期、甘李药业、吴征涛认购；表格列示认购股份、股份价格和认购金额。"
688758,赛分科技,688758_赛分科技_IPO招股说明书.pdf,59,subscription_flow,13,国药中生,2021-10-28/2021-11,"2021年11月第二次增资，赛分科技增发股份4,243,901股，由源峰磐赛、珠海峦恒、高瓴祈睿、国药中生、圣成投资、国药二期、圣祁投资、夏尔巴二期、甘李药业、吴征涛认购；表格列示认购股份、股份价格和认购金额。"
688758,赛分科技,688758_赛分科技_IPO招股说明书.pdf,59,subscription_flow,14,圣成投资,2021-10-28/2021-11,"2021年11月第二次增资，赛分科技增发股份4,243,901股，由源峰磐赛、珠海峦恒、高瓴祈睿、国药中生、圣成投资、国药二期、圣祁投资、夏尔巴二期、甘李药业、吴征涛认购；表格列示认购股份、股份价格和认购金额。"
688758,赛分科技,688758_赛分科技_IPO招股说明书.pdf,59,subscription_flow,15,国药二期,2021-10-28/2021-11,"2021年11月第二次增资，赛分科技增发股份4,243,901股，由源峰磐赛、珠海峦恒、高瓴祈睿、国药中生、圣成投资、国药二期、圣祁投资、夏尔巴二期、甘李药业、吴征涛认购；表格列示认购股份、股份价格和认购金额。"
688758,赛分科技,688758_赛分科技_IPO招股说明书.pdf,59,subscription_flow,16,圣祁投资,2021-10-28/2021-11,"2021年11月第二次增资，赛分科技增发股份4,243,901股，由源峰磐赛、珠海峦恒、高瓴祈睿、国药中生、圣成投资、国药二期、圣祁投资、夏尔巴二期、甘李药业、吴征涛认购；表格列示认购股份、股份价格和认购金额。"
688758,赛分科技,688758_赛分科技_IPO招股说明书.pdf,59,subscription_flow,17,夏尔巴二期,2021-10-28/2021-11,"2021年11月第二次增资，赛分科技增发股份4,243,901股，由源峰磐赛、珠海峦恒、高瓴祈睿、国药中生、圣成投资、国药二期、圣祁投资、夏尔巴二期、甘李药业、吴征涛认购；表格列示认购股份、股份价格和认购金额。"
688758,赛分科技,688758_赛分科技_IPO招股说明书.pdf,59,subscription_flow,18,甘李药业,2021-10-28/2021-11,"2021年11月第二次增资，赛分科技增发股份4,243,901股，由源峰磐赛、珠海峦恒、高瓴祈睿、国药中生、圣成投资、国药二期、圣祁投资、夏尔巴二期、甘李药业、吴征涛认购；表格列示认购股份、股份价格和认购金额。"
688758,赛分科技,688758_赛分科技_IPO招股说明书.pdf,59,subscription_flow,19,吴征涛,2021-10-28/2021-11,"2021年11月第二次增资，赛分科技增发股份4,243,901股，由源峰磐赛、珠海峦恒、高瓴祈睿、国药中生、圣成投资、国药二期、圣祁投资、夏尔巴二期、甘李药业、吴征涛认购；表格列示认购股份、股份价格和认购金额。"
688758,赛分科技,688758_赛分科技_IPO招股说明书.pdf,59,equity_snapshot,58,黄学英,2021-11第二次增资完成后,"本次增资完成后，赛分科技股权结构如下，合计31,750,670股，100.0000%。"
688758,赛分科技,688758_赛分科技_IPO招股说明书.pdf,59,equity_snapshot,59,周金清,2021-11第二次增资完成后,"本次增资完成后，赛分科技股权结构如下，合计31,750,670股，100.0000%。"
688758,赛分科技,688758_赛分科技_IPO招股说明书.pdf,59,equity_snapshot,60,高新同华,2021-11第二次增资完成后,"本次增资完成后，赛分科技股权结构如下，合计31,750,670股，100.0000%。"
688758,赛分科技,688758_赛分科技_IPO招股说明书.pdf,59,equity_snapshot,61,陆民,2021-11第二次增资完成后,"本次增资完成后，赛分科技股权结构如下，合计31,750,670股，100.0000%。"
688758,赛分科技,688758_赛分科技_IPO招股说明书.pdf,59,equity_snapshot,62,国寿疌泉,2021-11第二次增资完成后,"本次增资完成后，赛分科技股权结构如下，合计31,750,670股，100.0000%。"
688758,赛分科技,688758_赛分科技_IPO招股说明书.pdf,59,equity_snapshot,63,华泰大健康一号,2021-11第二次增资完成后,"本次增资完成后，赛分科技股权结构如下，合计31,750,670股，100.0000%。"
688758,赛分科技,688758_赛分科技_IPO招股说明书.pdf,59,equity_snapshot,64,源峰磐赛,2021-11第二次增资完成后,"本次增资完成后，赛分科技股权结构如下，合计31,750,670股，100.0000%。"
688758,赛分科技,688758_赛分科技_IPO招股说明书.pdf,59,equity_snapshot,65,苏州贤达,2021-11第二次增资完成后,"本次增资完成后，赛分科技股权结构如下，合计31,750,670股，100.0000%。"
688758,赛分科技,688758_赛分科技_IPO招股说明书.pdf,59,equity_snapshot,66,复星惟盈,2021-11第二次增资完成后,"本次增资完成后，赛分科技股权结构如下，合计31,750,670股，100.0000%。"
688758,赛分科技,688758_赛分科技_IPO招股说明书.pdf,59,equity_snapshot,67,苏州博达,2021-11第二次增资完成后,"本次增资完成后，赛分科技股权结构如下，合计31,750,670股，100.0000%。"
688758,赛分科技,688758_赛分科技_IPO招股说明书.pdf,59,equity_snapshot,68,苏州杰贤,2021-11第二次增资完成后,"本次增资完成后，赛分科技股权结构如下，合计31,750,670股，100.0000%。"
688758,赛分科技,688758_赛分科技_IPO招股说明书.pdf,59,equity_snapshot,69,潘鼎,2021-11第二次增资完成后,"本次增资完成后，赛分科技股权结构如下，合计31,750,670股，100.0000%。"
688758,赛分科技,688758_赛分科技_IPO招股说明书.pdf,59,equity_snapshot,70,珠海峦恒,2021-11第二次增资完成后,"本次增资完成后，赛分科技股权结构如下，合计31,750,670股，100.0000%。"
688758,赛分科技,688758_赛分科技_IPO招股说明书.pdf,59,equity_snapshot,71,高瓴祈睿,2021-11第二次增资完成后,"本次增资完成后，赛分科技股权结构如下，合计31,750,670股，100.0000%。"
688758,赛分科技,688758_赛分科技_IPO招股说明书.pdf,59,equity_snapshot,72,海佳同康,2021-11第二次增资完成后,"本次增资完成后，赛分科技股权结构如下，合计31,750,670股，100.0000%。"
688758,赛分科技,688758_赛分科技_IPO招股说明书.pdf,59,equity_snapshot,73,国药中生,2021-11第二次增资完成后,"本次增资完成后，赛分科技股权结构如下，合计31,750,670股，100.0000%。"
688758,赛分科技,688758_赛分科技_IPO招股说明书.pdf,59,equity_snapshot,74,苏州敦行,2021-11第二次增资完成后,"本次增资完成后，赛分科技股权结构如下，合计31,750,670股，100.0000%。"
688758,赛分科技,688758_赛分科技_IPO招股说明书.pdf,59,equity_snapshot,75,夏尔巴二期,2021-11第二次增资完成后,"本次增资完成后，赛分科技股权结构如下，合计31,750,670股，100.0000%。"
688758,赛分科技,688758_赛分科技_IPO招股说明书.pdf,59,equity_snapshot,76,陈志华,2021-11第二次增资完成后,"本次增资完成后，赛分科技股权结构如下，合计31,750,670股，100.0000%。"
688758,赛分科技,688758_赛分科技_IPO招股说明书.pdf,59,equity_snapshot,77,耿卫东,2021-11第二次增资完成后,"本次增资完成后，赛分科技股权结构如下，合计31,750,670股，100.0000%。"
688758,赛分科技,688758_赛分科技_IPO招股说明书.pdf,59,equity_snapshot,78,甘李药业,2021-11第二次增资完成后,"本次增资完成后，赛分科技股权结构如下，合计31,750,670股，100.0000%。"
688758,赛分科技,688758_赛分科技_IPO招股说明书.pdf,59,equity_snapshot,79,骏耀投资,2021-11第二次增资完成后,"本次增资完成后，赛分科技股权结构如下，合计31,750,670股，100.0000%。"
688758,赛分科技,688758_赛分科技_IPO招股说明书.pdf,59,equity_snapshot,80,朱勤华,2021-11第二次增资完成后,"本次增资完成后，赛分科技股权结构如下，合计31,750,670股，100.0000%。"
688758,赛分科技,688758_赛分科技_IPO招股说明书.pdf,59,equity_snapshot,81,吴征涛,2021-11第二次增资完成后,"本次增资完成后，赛分科技股权结构如下，合计31,750,670股，100.0000%。"
688758,赛分科技,688758_赛分科技_IPO招股说明书.pdf,59,equity_snapshot,82,国药二期,2021-11第二次增资完成后,"本次增资完成后，赛分科技股权结构如下，合计31,750,670股，100.0000%。"
688758,赛分科技,688758_赛分科技_IPO招股说明书.pdf,59,equity_snapshot,83,华泰大健康二号,2021-11第二次增资完成后,"本次增资完成后，赛分科技股权结构如下，合计31,750,670股，100.0000%。"
688758,赛分科技,688758_赛分科技_IPO招股说明书.pdf,59,equity_snapshot,84,唐斌,2021-11第二次增资完成后,"本次增资完成后，赛分科技股权结构如下，合计31,750,670股，100.0000%。"
688758,赛分科技,688758_赛分科技_IPO招股说明书.pdf,59,equity_snapshot,85,道兴投资,2021-11第二次增资完成后,"本次增资完成后，赛分科技股权结构如下，合计31,750,670股，100.0000%。"
688758,赛分科技,688758_赛分科技_IPO招股说明书.pdf,59,equity_snapshot,86,张敏,2021-11第二次增资完成后,"本次增资完成后，赛分科技股权结构如下，合计31,750,670股，100.0000%。"
688758,赛分科技,688758_赛分科技_IPO招股说明书.pdf,59,equity_snapshot,87,圣成投资,2021-11第二次增资完成后,"本次增资完成后，赛分科技股权结构如下，合计31,750,670股，100.0000%。"
688758,赛分科技,688758_赛分科技_IPO招股说明书.pdf,59,equity_snapshot,88,圣祁投资,2021-11第二次增资完成后,"本次增资完成后，赛分科技股权结构如下，合计31,750,670股，100.0000%。"
688758,赛分科技,688758_赛分科技_IPO招股说明书.pdf,60,subscription_flow,20,聚贝投资,2021-11-22/2021-12,"2021年11月22日，赛分科技决议增发股份117,886股，新增股份由新增股东聚贝投资以人民币1,500万元认购。"
688758,赛分科技,688758_赛分科技_IPO招股说明书.pdf,65,equity_snapshot,89,黄学英,签署日/发行前,"截至本招股说明书签署之日，公司股本总数为366,488,394股，公司股东及持股情况如下，合计366,488,394股，100.0000%。"
688758,赛分科技,688758_赛分科技_IPO招股说明书.pdf,65,equity_snapshot,90,周金清,签署日/发行前,"截至本招股说明书签署之日，公司股本总数为366,488,394股，公司股东及持股情况如下，合计366,488,394股，100.0000%。"
688758,赛分科技,688758_赛分科技_IPO招股说明书.pdf,65,equity_snapshot,91,高新同华,签署日/发行前,"截至本招股说明书签署之日，公司股本总数为366,488,394股，公司股东及持股情况如下，合计366,488,394股，100.0000%。"
688758,赛分科技,688758_赛分科技_IPO招股说明书.pdf,65,equity_snapshot,92,陆民,签署日/发行前,"截至本招股说明书签署之日，公司股本总数为366,488,394股，公司股东及持股情况如下，合计366,488,394股，100.0000%。"
688758,赛分科技,688758_赛分科技_IPO招股说明书.pdf,65,equity_snapshot,93,国寿疌泉,签署日/发行前,"截至本招股说明书签署之日，公司股本总数为366,488,394股，公司股东及持股情况如下，合计366,488,394股，100.0000%。"
688758,赛分科技,688758_赛分科技_IPO招股说明书.pdf,65,equity_snapshot,94,华泰大健康一号,签署日/发行前,"截至本招股说明书签署之日，公司股本总数为366,488,394股，公司股东及持股情况如下，合计366,488,394股，100.0000%。"
688758,赛分科技,688758_赛分科技_IPO招股说明书.pdf,65,equity_snapshot,95,源峰磐赛,签署日/发行前,"截至本招股说明书签署之日，公司股本总数为366,488,394股，公司股东及持股情况如下，合计366,488,394股，100.0000%。"
688758,赛分科技,688758_赛分科技_IPO招股说明书.pdf,65,equity_snapshot,96,苏州贤达,签署日/发行前,"截至本招股说明书签署之日，公司股本总数为366,488,394股，公司股东及持股情况如下，合计366,488,394股，100.0000%。"
688758,赛分科技,688758_赛分科技_IPO招股说明书.pdf,65,equity_snapshot,97,复星惟盈,签署日/发行前,"截至本招股说明书签署之日，公司股本总数为366,488,394股，公司股东及持股情况如下，合计366,488,394股，100.0000%。"
688758,赛分科技,688758_赛分科技_IPO招股说明书.pdf,65,equity_snapshot,98,苏州博达,签署日/发行前,"截至本招股说明书签署之日，公司股本总数为366,488,394股，公司股东及持股情况如下，合计366,488,394股，100.0000%。"
688758,赛分科技,688758_赛分科技_IPO招股说明书.pdf,65,equity_snapshot,99,苏州杰贤,签署日/发行前,"截至本招股说明书签署之日，公司股本总数为366,488,394股，公司股东及持股情况如下，合计366,488,394股，100.0000%。"
688758,赛分科技,688758_赛分科技_IPO招股说明书.pdf,65,equity_snapshot,100,潘鼎,签署日/发行前,"截至本招股说明书签署之日，公司股本总数为366,488,394股，公司股东及持股情况如下，合计366,488,394股，100.0000%。"
688758,赛分科技,688758_赛分科技_IPO招股说明书.pdf,65,equity_snapshot,101,珠海峦恒,签署日/发行前,"截至本招股说明书签署之日，公司股本总数为366,488,394股，公司股东及持股情况如下，合计366,488,394股，100.0000%。"
688758,赛分科技,688758_赛分科技_IPO招股说明书.pdf,65,equity_snapshot,102,高瓴祈睿,签署日/发行前,"截至本招股说明书签署之日，公司股本总数为366,488,394股，公司股东及持股情况如下，合计366,488,394股，100.0000%。"
688758,赛分科技,688758_赛分科技_IPO招股说明书.pdf,65,equity_snapshot,103,海佳同康,签署日/发行前,"截至本招股说明书签署之日，公司股本总数为366,488,394股，公司股东及持股情况如下，合计366,488,394股，100.0000%。"
688758,赛分科技,688758_赛分科技_IPO招股说明书.pdf,65,equity_snapshot,104,国药中生,签署日/发行前,"截至本招股说明书签署之日，公司股本总数为366,488,394股，公司股东及持股情况如下，合计366,488,394股，100.0000%。"
688758,赛分科技,688758_赛分科技_IPO招股说明书.pdf,65,equity_snapshot,105,苏州敦行,签署日/发行前,"截至本招股说明书签署之日，公司股本总数为366,488,394股，公司股东及持股情况如下，合计366,488,394股，100.0000%。"
688758,赛分科技,688758_赛分科技_IPO招股说明书.pdf,65,equity_snapshot,106,夏尔巴二期,签署日/发行前,"截至本招股说明书签署之日，公司股本总数为366,488,394股，公司股东及持股情况如下，合计366,488,394股，100.0000%。"
688758,赛分科技,688758_赛分科技_IPO招股说明书.pdf,65,equity_snapshot,107,陈志华,签署日/发行前,"截至本招股说明书签署之日，公司股本总数为366,488,394股，公司股东及持股情况如下，合计366,488,394股，100.0000%。"
688758,赛分科技,688758_赛分科技_IPO招股说明书.pdf,65,equity_snapshot,108,耿卫东,签署日/发行前,"截至本招股说明书签署之日，公司股本总数为366,488,394股，公司股东及持股情况如下，合计366,488,394股，100.0000%。"
688758,赛分科技,688758_赛分科技_IPO招股说明书.pdf,65,equity_snapshot,109,甘李药业,签署日/发行前,"截至本招股说明书签署之日，公司股本总数为366,488,394股，公司股东及持股情况如下，合计366,488,394股，100.0000%。"
688758,赛分科技,688758_赛分科技_IPO招股说明书.pdf,65,equity_snapshot,110,骏耀投资,签署日/发行前,"截至本招股说明书签署之日，公司股本总数为366,488,394股，公司股东及持股情况如下，合计366,488,394股，100.0000%。"
688758,赛分科技,688758_赛分科技_IPO招股说明书.pdf,65,equity_snapshot,111,朱勤华,签署日/发行前,"截至本招股说明书签署之日，公司股本总数为366,488,394股，公司股东及持股情况如下，合计366,488,394股，100.0000%。"
688758,赛分科技,688758_赛分科技_IPO招股说明书.pdf,65,equity_snapshot,112,吴征涛,签署日/发行前,"截至本招股说明书签署之日，公司股本总数为366,488,394股，公司股东及持股情况如下，合计366,488,394股，100.0000%。"
688758,赛分科技,688758_赛分科技_IPO招股说明书.pdf,65,equity_snapshot,113,国药二期,签署日/发行前,"截至本招股说明书签署之日，公司股本总数为366,488,394股，公司股东及持股情况如下，合计366,488,394股，100.0000%。"
688758,赛分科技,688758_赛分科技_IPO招股说明书.pdf,65,equity_snapshot,114,华泰大健康二号,签署日/发行前,"截至本招股说明书签署之日，公司股本总数为366,488,394股，公司股东及持股情况如下，合计366,488,394股，100.0000%。"
688758,赛分科技,688758_赛分科技_IPO招股说明书.pdf,65,equity_snapshot,115,聚贝投资,签署日/发行前,"截至本招股说明书签署之日，公司股本总数为366,488,394股，公司股东及持股情况如下，合计366,488,394股，100.0000%。"
688758,赛分科技,688758_赛分科技_IPO招股说明书.pdf,65,equity_snapshot,116,唐斌,签署日/发行前,"截至本招股说明书签署之日，公司股本总数为366,488,394股，公司股东及持股情况如下，合计366,488,394股，100.0000%。"
688758,赛分科技,688758_赛分科技_IPO招股说明书.pdf,65,equity_snapshot,117,道兴投资,签署日/发行前,"截至本招股说明书签署之日，公司股本总数为366,488,394股，公司股东及持股情况如下，合计366,488,394股，100.0000%。"
688758,赛分科技,688758_赛分科技_IPO招股说明书.pdf,65,equity_snapshot,118,张敏,签署日/发行前,"截至本招股说明书签署之日，公司股本总数为366,488,394股，公司股东及持股情况如下，合计366,488,394股，100.0000%。"
688758,赛分科技,688758_赛分科技_IPO招股说明书.pdf,65,equity_snapshot,119,圣成投资,签署日/发行前,"截至本招股说明书签署之日，公司股本总数为366,488,394股，公司股东及持股情况如下，合计366,488,394股，100.0000%。"
688758,赛分科技,688758_赛分科技_IPO招股说明书.pdf,65,equity_snapshot,120,圣祁投资,签署日/发行前,"截至本招股说明书签署之日，公司股本总数为366,488,394股，公司股东及持股情况如下，合计366,488,394股，100.0000%。"
688775,影石创新,688775_影石创新_IPO招股说明书.pdf,63,equity_snapshot,16,北京岚锋,t0_深圳岚锋设立,"深圳岚锋设立时出资情况：北京岚锋出资额1,000.00万元，持股比例100.00%；合计1,000.00万元100.00%。"
688775,影石创新,688775_影石创新_IPO招股说明书.pdf,63,equity_snapshot,17,北京岚锋,2020-02股份公司设立时,"影石创新设立时股本结构如下，合计36,000.00万股，100.00%。"
688775,影石创新,688775_影石创新_IPO招股说明书.pdf,63,equity_snapshot,18,EARN ACE,2020-02股份公司设立时,"影石创新设立时股本结构如下，合计36,000.00万股，100.00%。"
688775,影石创新,688775_影石创新_IPO招股说明书.pdf,63,equity_snapshot,19,QM101,2020-02股份公司设立时,"影石创新设立时股本结构如下，合计36,000.00万股，100.00%。"
688775,影石创新,688775_影石创新_IPO招股说明书.pdf,63,equity_snapshot,20,香港迅雷,2020-02股份公司设立时,"影石创新设立时股本结构如下，合计36,000.00万股，100.00%。"
688775,影石创新,688775_影石创新_IPO招股说明书.pdf,63,equity_snapshot,21,岚沣管理,2020-02股份公司设立时,"影石创新设立时股本结构如下，合计36,000.00万股，100.00%。"
688775,影石创新,688775_影石创新_IPO招股说明书.pdf,63,equity_snapshot,22,华金同达,2020-02股份公司设立时,"影石创新设立时股本结构如下，合计36,000.00万股，100.00%。"
688775,影石创新,688775_影石创新_IPO招股说明书.pdf,63,equity_snapshot,23,厦门富凯,2020-02股份公司设立时,"影石创新设立时股本结构如下，合计36,000.00万股，100.00%。"
688775,影石创新,688775_影石创新_IPO招股说明书.pdf,63,equity_snapshot,24,澜烽管理,2020-02股份公司设立时,"影石创新设立时股本结构如下，合计36,000.00万股，100.00%。"
688775,影石创新,688775_影石创新_IPO招股说明书.pdf,63,equity_snapshot,25,伊敦传媒,2020-02股份公司设立时,"影石创新设立时股本结构如下，合计36,000.00万股，100.00%。"
688775,影石创新,688775_影石创新_IPO招股说明书.pdf,63,equity_snapshot,26,领誉基石,2020-02股份公司设立时,"影石创新设立时股本结构如下，合计36,000.00万股，100.00%。"
688775,影石创新,688775_影石创新_IPO招股说明书.pdf,63,equity_snapshot,27,中证投资,2020-02股份公司设立时,"影石创新设立时股本结构如下，合计36,000.00万股，100.00%。"
688775,影石创新,688775_影石创新_IPO招股说明书.pdf,63,equity_snapshot,28,金石智娱,2020-02股份公司设立时,"影石创新设立时股本结构如下，合计36,000.00万股，100.00%。"
688775,影石创新,688775_影石创新_IPO招股说明书.pdf,63,equity_snapshot,29,芜湖旷沄,2020-02股份公司设立时,"影石创新设立时股本结构如下，合计36,000.00万股，100.00%。"
688775,影石创新,688775_影石创新_IPO招股说明书.pdf,63,equity_snapshot,30,朗玛六号,2020-02股份公司设立时,"影石创新设立时股本结构如下，合计36,000.00万股，100.00%。"
688775,影石创新,688775_影石创新_IPO招股说明书.pdf,63,equity_snapshot,31,天正投资,2020-02股份公司设立时,"影石创新设立时股本结构如下，合计36,000.00万股，100.00%。"
688775,影石创新,688775_影石创新_IPO招股说明书.pdf,63,equity_snapshot,32,朗玛五号,2020-02股份公司设立时,"影石创新设立时股本结构如下，合计36,000.00万股，100.00%。"
688775,影石创新,688775_影石创新_IPO招股说明书.pdf,63,equity_snapshot,33,深圳麦高,2020-02股份公司设立时,"影石创新设立时股本结构如下，合计36,000.00万股，100.00%。"
688775,影石创新,688775_影石创新_IPO招股说明书.pdf,63,equity_snapshot,34,朗玛九号,2020-02股份公司设立时,"影石创新设立时股本结构如下，合计36,000.00万股，100.00%。"
688775,影石创新,688775_影石创新_IPO招股说明书.pdf,63,equity_snapshot,35,德朴投资,2020-02股份公司设立时,"影石创新设立时股本结构如下，合计36,000.00万股，100.00%。"
688775,影石创新,688775_影石创新_IPO招股说明书.pdf,63,equity_snapshot,36,朗玛十四号,2020-02股份公司设立时,"影石创新设立时股本结构如下，合计36,000.00万股，100.00%。"
688775,影石创新,688775_影石创新_IPO招股说明书.pdf,63,equity_snapshot,37,利得鑫投,2020-02股份公司设立时,"影石创新设立时股本结构如下，合计36,000.00万股，100.00%。"
688775,影石创新,688775_影石创新_IPO招股说明书.pdf,63,equity_snapshot,38,汇智同裕,2020-02股份公司设立时,"影石创新设立时股本结构如下，合计36,000.00万股，100.00%。"
688775,影石创新,688775_影石创新_IPO招股说明书.pdf,63,equity_snapshot,39,华金创盈,2020-02股份公司设立时,"影石创新设立时股本结构如下，合计36,000.00万股，100.00%。"
688775,影石创新,688775_影石创新_IPO招股说明书.pdf,63,equity_snapshot,40,岚烽管理,2020-02股份公司设立时,"影石创新设立时股本结构如下，合计36,000.00万股，100.00%。"
688775,影石创新,688775_影石创新_IPO招股说明书.pdf,63,equity_snapshot,41,威明投资,2020-02股份公司设立时,"影石创新设立时股本结构如下，合计36,000.00万股，100.00%。"
688775,影石创新,688775_影石创新_IPO招股说明书.pdf,63,equity_snapshot,42,山东龙兴（SS）,2020-02股份公司设立时,"影石创新设立时股本结构如下，合计36,000.00万股，100.00%。"
688775,影石创新,688775_影石创新_IPO招股说明书.pdf,63,equity_snapshot,43,知盛投资,2020-02股份公司设立时,"影石创新设立时股本结构如下，合计36,000.00万股，100.00%。"
688775,影石创新,688775_影石创新_IPO招股说明书.pdf,66,subscription_flow,1,汇智同裕（受让自德朴投资）,2023-03-24,"2023年3月，德朴投资以1,462.7126万元的对价向汇智同裕转让股本287.0651万元；本次股权转让情况表列示转让股本287.0651万元、转让金额1,462.7126万元。"
688775,影石创新,688775_影石创新_IPO招股说明书.pdf,66,equity_snapshot,44,北京岚锋,2023-03股权转让后/发行前,"本次变更后，公司的出资情况如下，合计36,000.00万股，100.00%。"
688775,影石创新,688775_影石创新_IPO招股说明书.pdf,66,equity_snapshot,45,EARN ACE,2023-03股权转让后/发行前,"本次变更后，公司的出资情况如下，合计36,000.00万股，100.00%。"
688775,影石创新,688775_影石创新_IPO招股说明书.pdf,66,equity_snapshot,46,QM101,2023-03股权转让后/发行前,"本次变更后，公司的出资情况如下，合计36,000.00万股，100.00%。"
688775,影石创新,688775_影石创新_IPO招股说明书.pdf,66,equity_snapshot,47,香港迅雷,2023-03股权转让后/发行前,"本次变更后，公司的出资情况如下，合计36,000.00万股，100.00%。"
688775,影石创新,688775_影石创新_IPO招股说明书.pdf,66,equity_snapshot,48,岚沣管理,2023-03股权转让后/发行前,"本次变更后，公司的出资情况如下，合计36,000.00万股，100.00%。"
688775,影石创新,688775_影石创新_IPO招股说明书.pdf,66,equity_snapshot,49,华金同达,2023-03股权转让后/发行前,"本次变更后，公司的出资情况如下，合计36,000.00万股，100.00%。"
688775,影石创新,688775_影石创新_IPO招股说明书.pdf,66,equity_snapshot,50,厦门富凯,2023-03股权转让后/发行前,"本次变更后，公司的出资情况如下，合计36,000.00万股，100.00%。"
688775,影石创新,688775_影石创新_IPO招股说明书.pdf,66,equity_snapshot,51,澜烽管理,2023-03股权转让后/发行前,"本次变更后，公司的出资情况如下，合计36,000.00万股，100.00%。"
688775,影石创新,688775_影石创新_IPO招股说明书.pdf,66,equity_snapshot,52,伊敦传媒,2023-03股权转让后/发行前,"本次变更后，公司的出资情况如下，合计36,000.00万股，100.00%。"
688775,影石创新,688775_影石创新_IPO招股说明书.pdf,66,equity_snapshot,53,领誉基石,2023-03股权转让后/发行前,"本次变更后，公司的出资情况如下，合计36,000.00万股，100.00%。"
688775,影石创新,688775_影石创新_IPO招股说明书.pdf,66,equity_snapshot,54,中证投资,2023-03股权转让后/发行前,"本次变更后，公司的出资情况如下，合计36,000.00万股，100.00%。"
688775,影石创新,688775_影石创新_IPO招股说明书.pdf,66,equity_snapshot,55,金石智娱,2023-03股权转让后/发行前,"本次变更后，公司的出资情况如下，合计36,000.00万股，100.00%。"
688775,影石创新,688775_影石创新_IPO招股说明书.pdf,66,equity_snapshot,56,芜湖旷沄,2023-03股权转让后/发行前,"本次变更后，公司的出资情况如下，合计36,000.00万股，100.00%。"
688775,影石创新,688775_影石创新_IPO招股说明书.pdf,66,equity_snapshot,57,朗玛六号,2023-03股权转让后/发行前,"本次变更后，公司的出资情况如下，合计36,000.00万股，100.00%。"
688775,影石创新,688775_影石创新_IPO招股说明书.pdf,66,equity_snapshot,58,天正投资,2023-03股权转让后/发行前,"本次变更后，公司的出资情况如下，合计36,000.00万股，100.00%。"
688775,影石创新,688775_影石创新_IPO招股说明书.pdf,66,equity_snapshot,59,朗玛五号,2023-03股权转让后/发行前,"本次变更后，公司的出资情况如下，合计36,000.00万股，100.00%。"
688775,影石创新,688775_影石创新_IPO招股说明书.pdf,66,equity_snapshot,60,汇智同裕,2023-03股权转让后/发行前,"本次变更后，公司的出资情况如下，合计36,000.00万股，100.00%。"
688775,影石创新,688775_影石创新_IPO招股说明书.pdf,66,equity_snapshot,61,深圳麦高,2023-03股权转让后/发行前,"本次变更后，公司的出资情况如下，合计36,000.00万股，100.00%。"
688775,影石创新,688775_影石创新_IPO招股说明书.pdf,66,equity_snapshot,62,朗玛九号,2023-03股权转让后/发行前,"本次变更后，公司的出资情况如下，合计36,000.00万股，100.00%。"
688775,影石创新,688775_影石创新_IPO招股说明书.pdf,66,equity_snapshot,63,朗玛十四号,2023-03股权转让后/发行前,"本次变更后，公司的出资情况如下，合计36,000.00万股，100.00%。"
688775,影石创新,688775_影石创新_IPO招股说明书.pdf,66,equity_snapshot,64,利得鑫投,2023-03股权转让后/发行前,"本次变更后，公司的出资情况如下，合计36,000.00万股，100.00%。"
688775,影石创新,688775_影石创新_IPO招股说明书.pdf,66,equity_snapshot,65,华金创盈,2023-03股权转让后/发行前,"本次变更后，公司的出资情况如下，合计36,000.00万股，100.00%。"
688775,影石创新,688775_影石创新_IPO招股说明书.pdf,66,equity_snapshot,66,岚烽管理,2023-03股权转让后/发行前,"本次变更后，公司的出资情况如下，合计36,000.00万股，100.00%。"
688775,影石创新,688775_影石创新_IPO招股说明书.pdf,66,equity_snapshot,67,威明投资,2023-03股权转让后/发行前,"本次变更后，公司的出资情况如下，合计36,000.00万股，100.00%。"
688775,影石创新,688775_影石创新_IPO招股说明书.pdf,66,equity_snapshot,68,山东龙兴（SS）,2023-03股权转让后/发行前,"本次变更后，公司的出资情况如下，合计36,000.00万股，100.00%。"
688775,影石创新,688775_影石创新_IPO招股说明书.pdf,66,equity_snapshot,69,知盛投资,2023-03股权转让后/发行前,"本次变更后，公司的出资情况如下，合计36,000.00万股，100.00%。"
688775,影石创新,688775_影石创新_IPO招股说明书.pdf,106,subscription_flow,2,领誉基石（受让自岚烽管理）,2019-10-31/2019-11-21,2019年10月31日，深圳岚锋董事会同意岚烽管理、CYZone、QM101、苏宁润东向多名受让方转让注册资本；本次股权转让价格为16.46元/注册资本。
688775,影石创新,688775_影石创新_IPO招股说明书.pdf,106,subscription_flow,3,知盛投资（受让自岚烽管理）,2019-10-31/2019-11-21,2019年10月31日，深圳岚锋董事会同意岚烽管理、CYZone、QM101、苏宁润东向多名受让方转让注册资本；本次股权转让价格为16.46元/注册资本。
688775,影石创新,688775_影石创新_IPO招股说明书.pdf,106,subscription_flow,4,利得鑫投（受让自CYZone）,2019-10-31/2019-11-21,2019年10月31日，深圳岚锋董事会同意岚烽管理、CYZone、QM101、苏宁润东向多名受让方转让注册资本；本次股权转让价格为16.46元/注册资本。
688775,影石创新,688775_影石创新_IPO招股说明书.pdf,106,subscription_flow,5,山东龙兴（SS）（受让自CYZone）,2019-10-31/2019-11-21,2019年10月31日，深圳岚锋董事会同意岚烽管理、CYZone、QM101、苏宁润东向多名受让方转让注册资本；本次股权转让价格为16.46元/注册资本。
688775,影石创新,688775_影石创新_IPO招股说明书.pdf,106,subscription_flow,6,利得鑫投（受让自QM101）,2019-10-31/2019-11-21,2019年10月31日，深圳岚锋董事会同意岚烽管理、CYZone、QM101、苏宁润东向多名受让方转让注册资本；本次股权转让价格为16.46元/注册资本。
688775,影石创新,688775_影石创新_IPO招股说明书.pdf,106,subscription_flow,7,德朴投资（受让自QM101）,2019-10-31/2019-11-21,2019年10月31日，深圳岚锋董事会同意岚烽管理、CYZone、QM101、苏宁润东向多名受让方转让注册资本；本次股权转让价格为16.46元/注册资本。
688775,影石创新,688775_影石创新_IPO招股说明书.pdf,106,subscription_flow,8,华金创盈（受让自QM101）,2019-10-31/2019-11-21,2019年10月31日，深圳岚锋董事会同意岚烽管理、CYZone、QM101、苏宁润东向多名受让方转让注册资本；本次股权转让价格为16.46元/注册资本。
688775,影石创新,688775_影石创新_IPO招股说明书.pdf,106,subscription_flow,9,朗玛十四号（受让自QM101）,2019-10-31/2019-11-21,2019年10月31日，深圳岚锋董事会同意岚烽管理、CYZone、QM101、苏宁润东向多名受让方转让注册资本；本次股权转让价格为16.46元/注册资本。
688775,影石创新,688775_影石创新_IPO招股说明书.pdf,106,subscription_flow,10,威明投资（受让自QM101）,2019-10-31/2019-11-21,2019年10月31日，深圳岚锋董事会同意岚烽管理、CYZone、QM101、苏宁润东向多名受让方转让注册资本；本次股权转让价格为16.46元/注册资本。
688775,影石创新,688775_影石创新_IPO招股说明书.pdf,107,subscription_flow,11,中证投资（受让自苏宁润东）,2019-10-31/2019-11-21,2019年10月31日，深圳岚锋董事会同意岚烽管理、CYZone、QM101、苏宁润东向多名受让方转让注册资本；本次股权转让价格为16.46元/注册资本。
688775,影石创新,688775_影石创新_IPO招股说明书.pdf,107,subscription_flow,12,金石智娱（受让自苏宁润东）,2019-10-31/2019-11-21,2019年10月31日，深圳岚锋董事会同意岚烽管理、CYZone、QM101、苏宁润东向多名受让方转让注册资本；本次股权转让价格为16.46元/注册资本。
688775,影石创新,688775_影石创新_IPO招股说明书.pdf,107,subscription_flow,13,伊敦传媒（受让自苏宁润东）,2019-10-31/2019-11-21,2019年10月31日，深圳岚锋董事会同意岚烽管理、CYZone、QM101、苏宁润东向多名受让方转让注册资本；本次股权转让价格为16.46元/注册资本。
688775,影石创新,688775_影石创新_IPO招股说明书.pdf,107,subscription_flow,14,天正投资（受让自苏宁润东）,2019-10-31/2019-11-21,2019年10月31日，深圳岚锋董事会同意岚烽管理、CYZone、QM101、苏宁润东向多名受让方转让注册资本；本次股权转让价格为16.46元/注册资本。
688775,影石创新,688775_影石创新_IPO招股说明书.pdf,107,subscription_flow,15,德朴投资（受让自苏宁润东）,2019-10-31/2019-11-21,2019年10月31日，深圳岚锋董事会同意岚烽管理、CYZone、QM101、苏宁润东向多名受让方转让注册资本；本次股权转让价格为16.46元/注册资本。
920100,三协电机,920100_三协电机_IPO招股说明书.pdf,35,equity_snapshot,4,盛祎,t0_可识别最早完整股权结构_发行前,"本次发行前，公司总股本为5,310.93万股；本次发行前后的股本情况表列示各股东股数及持股比例。"
920100,三协电机,920100_三协电机_IPO招股说明书.pdf,35,equity_snapshot,5,朱绶青,t0_可识别最早完整股权结构_发行前,"本次发行前，公司总股本为5,310.93万股；本次发行前后的股本情况表列示各股东股数及持股比例。"
920100,三协电机,920100_三协电机_IPO招股说明书.pdf,35,equity_snapshot,6,稳正景明,t0_可识别最早完整股权结构_发行前,"本次发行前，公司总股本为5,310.93万股；本次发行前后的股本情况表列示各股东股数及持股比例。"
920100,三协电机,920100_三协电机_IPO招股说明书.pdf,35,equity_snapshot,7,长泽创投,t0_可识别最早完整股权结构_发行前,"本次发行前，公司总股本为5,310.93万股；本次发行前后的股本情况表列示各股东股数及持股比例。"
920100,三协电机,920100_三协电机_IPO招股说明书.pdf,35,equity_snapshot,8,盛月瑶,t0_可识别最早完整股权结构_发行前,"本次发行前，公司总股本为5,310.93万股；本次发行前后的股本情况表列示各股东股数及持股比例。"
920100,三协电机,920100_三协电机_IPO招股说明书.pdf,35,equity_snapshot,9,盛松,t0_可识别最早完整股权结构_发行前,"本次发行前，公司总股本为5,310.93万股；本次发行前后的股本情况表列示各股东股数及持股比例。"
920100,三协电机,920100_三协电机_IPO招股说明书.pdf,35,equity_snapshot,10,薛小丽,t0_可识别最早完整股权结构_发行前,"本次发行前，公司总股本为5,310.93万股；本次发行前后的股本情况表列示各股东股数及持股比例。"
920100,三协电机,920100_三协电机_IPO招股说明书.pdf,35,equity_snapshot,11,倪进宽,t0_可识别最早完整股权结构_发行前,"本次发行前，公司总股本为5,310.93万股；本次发行前后的股本情况表列示各股东股数及持股比例。"
920100,三协电机,920100_三协电机_IPO招股说明书.pdf,35,equity_snapshot,12,余方成,t0_可识别最早完整股权结构_发行前,"本次发行前，公司总股本为5,310.93万股；本次发行前后的股本情况表列示各股东股数及持股比例。"
920100,三协电机,920100_三协电机_IPO招股说明书.pdf,35,equity_snapshot,13,吴春扣,t0_可识别最早完整股权结构_发行前,"本次发行前，公司总股本为5,310.93万股；本次发行前后的股本情况表列示各股东股数及持股比例。"
920100,三协电机,920100_三协电机_IPO招股说明书.pdf,35,equity_snapshot,14,陆宇君,t0_可识别最早完整股权结构_发行前,"本次发行前，公司总股本为5,310.93万股；本次发行前后的股本情况表列示各股东股数及持股比例。"
920100,三协电机,920100_三协电机_IPO招股说明书.pdf,35,equity_snapshot,15,戈翔俊,t0_可识别最早完整股权结构_发行前,"本次发行前，公司总股本为5,310.93万股；本次发行前后的股本情况表列示各股东股数及持股比例。"
920100,三协电机,920100_三协电机_IPO招股说明书.pdf,35,equity_snapshot,16,陈都亮,t0_可识别最早完整股权结构_发行前,"本次发行前，公司总股本为5,310.93万股；本次发行前后的股本情况表列示各股东股数及持股比例。"
920100,三协电机,920100_三协电机_IPO招股说明书.pdf,35,equity_snapshot,17,圣利,t0_可识别最早完整股权结构_发行前,"本次发行前，公司总股本为5,310.93万股；本次发行前后的股本情况表列示各股东股数及持股比例。"
920100,三协电机,920100_三协电机_IPO招股说明书.pdf,35,equity_snapshot,18,董雪强,t0_可识别最早完整股权结构_发行前,"本次发行前，公司总股本为5,310.93万股；本次发行前后的股本情况表列示各股东股数及持股比例。"
920100,三协电机,920100_三协电机_IPO招股说明书.pdf,35,equity_snapshot,19,文涛,t0_可识别最早完整股权结构_发行前,"本次发行前，公司总股本为5,310.93万股；本次发行前后的股本情况表列示各股东股数及持股比例。"
920100,三协电机,920100_三协电机_IPO招股说明书.pdf,35,equity_snapshot,20,付荷庆,t0_可识别最早完整股权结构_发行前,"本次发行前，公司总股本为5,310.93万股；本次发行前后的股本情况表列示各股东股数及持股比例。"
920100,三协电机,920100_三协电机_IPO招股说明书.pdf,35,equity_snapshot,21,陈韵,t0_可识别最早完整股权结构_发行前,"本次发行前，公司总股本为5,310.93万股；本次发行前后的股本情况表列示各股东股数及持股比例。"
920100,三协电机,920100_三协电机_IPO招股说明书.pdf,35,equity_snapshot,22,张雯华,t0_可识别最早完整股权结构_发行前,"本次发行前，公司总股本为5,310.93万股；本次发行前后的股本情况表列示各股东股数及持股比例。"
920100,三协电机,920100_三协电机_IPO招股说明书.pdf,250,subscription_flow,1,稳正景明、长泽创投,2022-08/2022-09,"2022年7月9日，公司向稳正景明和长泽创投定向发行股票，发行股数为530万股，每股认购价格4.48元/股，募集资金总额2,374.40万元，其中530.00万元计入注册资本，1,844.40万元增加资本公积。"
920100,三协电机,920100_三协电机_IPO招股说明书.pdf,250,subscription_flow,2,盛祎等15名认购人,2023-08-28/2023-09,"2023年8月28日，公司实际发行318.5万股，增发价格5.41元/股，实际募集资金总额1,723.09万元，其中318.5万元计入股本，1,404.59万元计入资本公积。"
920100,三协电机,920100_三协电机_IPO招股说明书.pdf,250,subscription_flow,3,全体股东（资本公积转增）,2023-12-04,"2023年半年度权益分派：以公司现有总股本3,848.50万股为基数，向全体股东每10股转增3.8股；分红后总股本增至5,310.93万股，合计增加1,462.43万股。"
920116,星图测控,920116_星图测控_IPO招股说明书.pdf,35,subscription_flow,1,策星银河,2023-05,"2023年5月，公司定向发行人民币普通股7,500,000股，每股发行价格6.30元；发行对象包括策星银河2,790,000股17,577,000.00元、策星逐日1,710,000股10,773,000.00元、幸福二期3,000,000..."
920116,星图测控,920116_星图测控_IPO招股说明书.pdf,35,subscription_flow,2,策星逐日,2023-05,"2023年5月，公司定向发行人民币普通股7,500,000股，每股发行价格6.30元；发行对象包括策星银河2,790,000股17,577,000.00元、策星逐日1,710,000股10,773,000.00元、幸福二期3,000,000..."
920116,星图测控,920116_星图测控_IPO招股说明书.pdf,35,subscription_flow,3,幸福二期,2023-05,"2023年5月，公司定向发行人民币普通股7,500,000股，每股发行价格6.30元；发行对象包括策星银河2,790,000股17,577,000.00元、策星逐日1,710,000股10,773,000.00元、幸福二期3,000,000..."
920116,星图测控,920116_星图测控_IPO招股说明书.pdf,47,equity_snapshot,7,中科星图,发行前,"截至招股说明书签署日，公司总股本82,500,000股；发行前股权结构表列示中科星图38,250,000股46.36%，策星九天23,450,781股28.43%，幸福一期9,174,219股11.12%，策星揽月4,125,000股5.0..."
920116,星图测控,920116_星图测控_IPO招股说明书.pdf,47,equity_snapshot,8,策星九天,发行前,"截至招股说明书签署日，公司总股本82,500,000股；发行前股权结构表列示中科星图38,250,000股46.36%，策星九天23,450,781股28.43%，幸福一期9,174,219股11.12%，策星揽月4,125,000股5.0..."
920116,星图测控,920116_星图测控_IPO招股说明书.pdf,47,equity_snapshot,9,幸福一期,发行前,"截至招股说明书签署日，公司总股本82,500,000股；发行前股权结构表列示中科星图38,250,000股46.36%，策星九天23,450,781股28.43%，幸福一期9,174,219股11.12%，策星揽月4,125,000股5.0..."
920116,星图测控,920116_星图测控_IPO招股说明书.pdf,47,equity_snapshot,10,策星揽月,发行前,"截至招股说明书签署日，公司总股本82,500,000股；发行前股权结构表列示中科星图38,250,000股46.36%，策星九天23,450,781股28.43%，幸福一期9,174,219股11.12%，策星揽月4,125,000股5.0..."
920116,星图测控,920116_星图测控_IPO招股说明书.pdf,47,equity_snapshot,11,幸福二期,发行前,"截至招股说明书签署日，公司总股本82,500,000股；发行前股权结构表列示中科星图38,250,000股46.36%，策星九天23,450,781股28.43%，幸福一期9,174,219股11.12%，策星揽月4,125,000股5.0..."
920116,星图测控,920116_星图测控_IPO招股说明书.pdf,47,equity_snapshot,12,策星银河,发行前,"截至招股说明书签署日，公司总股本82,500,000股；发行前股权结构表列示中科星图38,250,000股46.36%，策星九天23,450,781股28.43%，幸福一期9,174,219股11.12%，策星揽月4,125,000股5.0..."
920116,星图测控,920116_星图测控_IPO招股说明书.pdf,47,equity_snapshot,13,策星逐日,发行前,"截至招股说明书签署日，公司总股本82,500,000股；发行前股权结构表列示中科星图38,250,000股46.36%，策星九天23,450,781股28.43%，幸福一期9,174,219股11.12%，策星揽月4,125,000股5.0..."
920116,星图测控,920116_星图测控_IPO招股说明书.pdf,48,equity_snapshot,4,四方股份,t0_2016-12设立,"2016年12月，四方股份、罗永红、王金林共同出资设立星图测控有限，其中四方股份出资1,200万元，持有60%；罗永红出资400万元，持有20%；王金林出资400万元，持有20%。"
920116,星图测控,920116_星图测控_IPO招股说明书.pdf,48,equity_snapshot,5,罗永红（代牛威持有）,t0_2016-12设立,"2016年12月，四方股份、罗永红、王金林共同出资设立星图测控有限，其中四方股份出资1,200万元，持有60%；罗永红出资400万元，持有20%；王金林出资400万元，持有20%。"
920116,星图测控,920116_星图测控_IPO招股说明书.pdf,48,equity_snapshot,6,王金林（代吴功友持有）,t0_2016-12设立,"2016年12月，四方股份、罗永红、王金林共同出资设立星图测控有限，其中四方股份出资1,200万元，持有60%；罗永红出资400万元，持有20%；王金林出资400万元，持有20%。"
